,Div,Date,HomeTeam,AwayTeam,FTHG,FTAG,FTR,HTHG,HTAG,HTR,HS,AS,HST,AST,HFKC,AFKC,HC,AC,HY,AY,HR,AR,B365H,B365D,B365A,BWH,BWD,BWA,IWH,IWD,IWA,PSH,PSD,PSA,WHH,WHD,WHA,VCH,VCD,VCA,Bb1X2,BbMxH,BbAvH,BbMxD,BbAvD,BbMxA,BbAvA,BbOU,BbMx>2.5,BbAv>2.5,BbMx<2.5,BbAv<2.5,BbAH,BbAHh,BbMxAHH,BbAvAHH,BbMxAHA,BbAvAHA,PSCH,PSCD,PSCA
0,B1,27/07/2018,Standard,Gent,3,2,H,1,1,D,10,11,8,5,22.0,18.0,2,5,2,3,0,0,2.14,3.4,3.25,2.2,3.25,3.5,2.15,3.2,3.25,2.26,3.34,3.44,2.15,3.2,3.1,2.25,3.4,3.25,40,2.31,2.21,3.4,3.24,3.5,3.26,38,2.13,2.05,1.81,1.74,21,-0.25,1.97,1.92,1.96,1.91,2.35,3.28,3.31
1,B1,28/07/2018,Kortrijk,Anderlecht,1,4,A,0,2,A,8,11,1,6,22.0,19.0,6,2,2,1,0,0,4.5,3.8,1.72,4.4,3.8,1.72,4.15,3.85,1.73,4.29,4.18,1.76,3.8,4.2,1.67,4.3,3.9,1.75,40,4.5,4.21,4.2,3.86,1.82,1.74,35,1.67,1.63,2.33,2.21,19,0.75,1.9,1.84,2.05,1.98,3.67,3.86,1.99
2,B1,28/07/2018,Oostende,Mouscron,2,1,H,0,1,A,11,6,5,2,22.0,21.0,4,0,4,5,0,2,1.53,3.75,7.0,1.53,4.0,6.0,1.5,4.05,5.8,1.53,4.35,6.47,1.5,4.33,5.0,1.53,4.1,6.0,39,1.57,1.52,4.4,4.05,7.0,5.99,36,1.81,1.75,2.13,2.04,22,-1.0,1.97,1.9,1.97,1.91,1.57,4.31,6.08
3,B1,28/07/2018,St Truiden,Cercle Brugge,0,0,D,0,0,D,9,10,3,6,23.0,16.0,2,5,2,3,0,0,1.9,3.6,3.8,1.9,3.6,3.8,1.85,3.5,3.9,1.91,3.68,4.1,1.83,3.6,3.6,1.87,3.6,4.0,39,1.97,1.89,3.68,3.51,4.1,3.89,36,1.97,1.9,1.94,1.87,18,-0.5,1.94,1.89,1.99,1.94,1.68,4.31,4.91
4,B1,28/07/2018,Waregem,Waasland-Beveren,2,2,D,1,0,H,8,6,5,4,19.0,18.0,5,4,3,2,0,0,1.44,4.5,6.5,1.5,4.25,6.0,1.46,4.4,6.0,1.47,4.74,6.68,1.44,4.75,5.0,1.45,4.75,6.25,39,1.51,1.45,4.8,4.46,6.8,6.17,34,1.58,1.55,2.5,2.39,20,-1.0,1.79,1.74,2.16,2.08,1.46,4.91,6.9
5,B1,29/07/2018,Charleroi,Antwerp,0,1,A,0,1,A,10,6,5,3,18.0,15.0,7,3,1,2,0,0,2.0,3.3,3.75,1.91,3.4,3.9,1.97,3.2,3.75,2.05,3.38,3.89,1.95,3.3,3.5,2.0,3.3,3.9,39,2.07,1.99,3.4,3.26,4.0,3.77,35,2.28,2.19,1.7,1.64,17,-0.5,2.06,1.99,1.88,1.83,2.4,3.38,3.12
6,B1,29/07/2018,Club Brugge,Eupen,5,2,H,3,0,H,12,9,8,5,12.0,16.0,4,4,0,4,0,1,1.22,6.5,11.0,1.22,6.0,11.5,1.25,5.7,9.8,1.24,6.51,12.63,1.2,6.5,9.0,1.25,6.0,11.0,40,1.29,1.23,6.52,6.06,12.87,10.41,34,1.5,1.44,2.75,2.65,19,-1.75,2.0,1.92,1.98,1.89,1.29,5.87,11.44
7,B1,29/07/2018,Lokeren,Genk,0,4,A,0,2,A,5,20,1,7,14.0,8.0,2,9,1,0,1,0,3.75,3.4,2.0,3.4,3.5,2.05,3.55,3.45,1.97,3.69,3.65,2.02,3.25,3.6,1.95,3.5,3.5,2.05,40,3.75,3.49,3.65,3.42,2.12,2.02,36,1.92,1.85,1.99,1.91,18,0.5,1.85,1.79,2.12,2.04,4.37,4.3,1.75
8,B1,03/08/2018,Waasland-Beveren,Standard,0,0,D,0,0,D,7,19,4,11,15.0,11.0,3,10,3,1,0,1,3.8,3.8,1.85,4.33,3.7,1.83,4.15,3.55,1.8,4.4,3.74,1.85,4.0,3.7,1.73,4.33,3.6,1.8,38,4.4,4.14,3.85,3.62,1.88,1.82,34,2.02,1.94,1.92,1.84,17,0.5,2.06,2.01,1.87,1.82,4.74,3.62,1.83
9,B1,04/08/2018,Antwerp,Kortrijk,0,0,D,0,0,D,24,0,12,0,14.0,21.0,9,1,1,2,0,0,1.83,3.4,4.5,1.85,3.7,4.2,1.77,3.55,4.25,1.85,3.68,4.39,1.75,3.6,4.0,1.83,3.6,4.2,39,1.89,1.82,3.7,3.53,4.5,4.2,35,1.99,1.91,1.95,1.86,17,-0.5,1.87,1.83,2.05,2.0,1.7,3.87,5.35
10,B1,04/08/2018,Cercle Brugge,Lokeren,3,2,H,2,1,H,18,7,10,3,13.0,13.0,5,0,2,4,0,0,2.0,3.6,3.5,2.0,3.6,3.7,1.95,3.65,3.4,2.0,3.87,3.55,1.91,3.75,3.25,1.95,3.7,3.6,40,2.04,1.97,4.0,3.62,3.7,3.5,32,1.71,1.67,2.23,2.14,17,-0.5,2.01,1.96,1.93,1.87,2.11,3.64,3.51
11,B1,04/08/2018,Eupen,Charleroi,1,4,A,1,2,A,11,11,6,9,12.0,14.0,3,3,1,0,1,0,2.7,3.2,2.62,2.65,3.4,2.65,2.6,3.25,2.6,2.7,3.46,2.63,2.5,3.4,2.45,2.63,3.4,2.63,40,2.73,2.63,3.46,3.26,2.68,2.59,36,2.04,1.96,1.9,1.82,19,0.0,1.98,1.92,1.96,1.89,2.68,3.47,2.68
12,B1,04/08/2018,Gent,Waregem,1,1,D,0,0,D,12,5,3,3,15.0,19.0,9,4,3,3,0,0,1.8,3.8,4.0,1.78,3.8,4.4,1.75,3.7,4.25,1.78,3.82,4.65,1.75,3.75,3.8,1.8,3.8,4.1,40,1.81,1.76,3.85,3.69,4.65,4.27,33,1.72,1.67,2.2,2.13,19,-0.75,2.08,2.0,1.86,1.82,1.83,3.88,4.33
13,B1,05/08/2018,Anderlecht,Oostende,5,2,H,0,0,D,11,6,5,2,18.0,21.0,6,1,2,2,0,0,1.44,4.33,7.0,1.48,4.75,6.25,1.47,4.35,6.0,1.47,4.56,7.24,1.44,4.4,5.5,1.45,4.5,7.0,38,1.53,1.46,4.75,4.41,7.24,6.3,32,1.58,1.55,2.5,2.37,18,-1.75,2.11,2.02,1.85,1.8,1.48,4.64,7.11
14,B1,05/08/2018,Genk,St Truiden,1,1,D,0,0,D,19,9,9,2,12.0,16.0,9,2,0,5,0,0,1.53,4.2,5.75,1.5,4.4,6.25,1.5,4.15,5.7,1.52,4.31,6.64,1.5,4.33,5.0,1.5,4.33,6.25,38,1.56,1.51,4.41,4.17,6.64,5.85,31,1.67,1.62,2.28,2.22,19,-1.0,1.9,1.84,2.06,1.97,1.38,5.02,9.23
15,B1,05/08/2018,Mouscron,Club Brugge,0,1,A,0,0,D,14,9,3,4,16.0,7.0,6,5,1,1,0,1,7.0,4.33,1.44,7.0,4.6,1.45,5.9,4.55,1.45,6.56,4.9,1.46,5.0,4.8,1.44,6.25,4.75,1.45,38,7.0,6.15,4.9,4.54,1.5,1.45,32,1.55,1.49,2.75,2.53,18,1.25,1.89,1.83,2.07,1.99,6.84,4.98,1.46
16,B1,10/08/2018,Club Brugge,Kortrijk,3,0,H,2,0,H,12,3,6,2,18.0,24.0,8,5,1,1,0,0,1.25,6.5,9.0,1.26,6.0,11.5,1.26,5.7,9.1,1.26,6.46,11.58,1.25,6.0,9.0,1.25,6.0,10.5,38,1.32,1.26,6.62,5.94,12.0,9.9,31,1.46,1.41,2.9,2.8,20,-1.75,2.01,1.95,1.92,1.87,1.26,6.47,11.97
17,B1,11/08/2018,Mouscron,Antwerp,0,1,A,0,0,D,1,19,0,6,9.0,17.0,1,5,1,2,0,0,3.25,3.6,2.1,3.1,3.5,2.25,3.2,3.35,2.15,3.4,3.5,2.17,3.2,3.4,2.1,3.3,3.6,2.1,37,3.4,3.22,3.6,3.41,2.25,2.14,33,1.9,1.82,2.04,1.96,18,0.25,2.04,1.97,1.9,1.85,3.87,3.68,1.99
18,B1,11/08/2018,St Truiden,Lokeren,1,1,D,0,0,D,20,4,6,2,12.0,22.0,7,2,0,6,0,0,1.66,3.8,5.0,1.78,3.75,4.5,1.67,3.8,4.45,1.73,4.03,4.68,1.67,4.0,4.33,1.7,3.9,4.75,37,1.78,1.71,4.2,3.81,5.0,4.5,34,1.79,1.73,2.16,2.07,19,-0.75,1.96,1.91,1.98,1.91,1.75,4.06,4.62
19,B1,11/08/2018,Standard,Cercle Brugge,0,0,D,0,0,D,8,7,1,2,18.0,19.0,7,0,2,3,0,0,1.44,4.33,7.0,1.45,4.4,7.25,1.45,4.25,6.4,1.46,4.4,7.73,1.44,4.33,6.5,1.45,4.5,7.0,38,1.5,1.44,5.15,4.4,9.0,6.78,31,1.7,1.65,2.23,2.18,20,-1.25,2.11,2.03,1.86,1.8,1.61,4.56,5.31
20,B1,11/08/2018,Waregem,Eupen,4,0,H,2,0,H,16,6,11,4,11.0,18.0,5,3,0,3,0,0,1.4,5.0,6.5,1.48,4.5,6.75,1.42,4.65,6.2,1.44,4.98,6.88,1.4,5.0,6.0,1.4,4.8,7.5,38,1.48,1.42,5.01,4.68,7.5,6.46,32,1.57,1.53,2.55,2.43,21,-1.0,1.73,1.68,2.28,2.19,1.47,5.15,6.37
21,B1,12/08/2018,Charleroi,Anderlecht,1,2,A,1,1,D,13,8,7,5,21.0,20.0,3,3,2,5,0,0,3.5,3.6,2.0,3.5,3.8,2.0,3.45,3.5,1.97,3.71,3.59,2.03,3.4,3.5,2.0,3.5,3.6,2.0,36,3.71,3.46,3.8,3.51,2.1,2.0,31,1.87,1.8,2.05,1.98,18,0.5,1.85,1.81,2.07,2.01,3.3,3.43,2.28
22,B1,12/08/2018,Gent,Waasland-Beveren,4,1,H,1,0,H,19,17,10,7,15.0,5.0,11,3,1,2,0,0,1.36,4.75,8.5,1.36,5.0,8.5,1.35,4.8,7.9,1.34,5.23,9.7,1.33,5.0,7.5,1.33,5.0,9.0,34,1.39,1.34,5.4,4.91,9.75,8.26,29,1.67,1.63,2.28,2.22,18,-1.5,2.09,2.0,1.86,1.82,1.32,5.47,10.6
23,B1,12/08/2018,Oostende,Genk,0,2,A,0,0,D,9,15,6,9,18.0,15.0,4,7,3,3,0,0,4.0,3.75,1.83,4.1,3.75,1.85,3.75,3.75,1.83,3.89,4.02,1.87,3.6,3.9,1.83,3.9,3.9,1.83,37,4.1,3.82,4.02,3.75,1.95,1.85,31,1.65,1.61,2.32,2.24,17,0.5,2.04,1.98,1.89,1.84,3.8,3.93,1.94
24,B1,17/08/2018,Anderlecht,Mouscron,2,0,H,1,0,H,16,7,8,3,14.0,22.0,11,5,1,4,1,0,1.22,6.5,11.0,1.2,6.5,15.0,1.25,6.0,9.0,1.21,7.09,15.4,1.17,7.0,12.0,1.2,7.0,12.0,39,1.25,1.21,7.65,6.65,17.15,12.33,34,1.42,1.39,3.04,2.91,21,-2.0,2.12,2.04,1.85,1.78,1.18,8.06,16.78
25,B1,18/08/2018,Cercle Brugge,Waregem,3,1,H,1,0,H,8,14,4,6,18.0,18.0,2,13,4,0,0,0,3.4,3.5,2.04,3.1,3.7,2.2,3.25,3.6,2.05,3.38,3.77,2.09,3.1,3.7,2.05,3.3,3.6,2.1,41,3.4,3.22,3.85,3.64,2.2,2.08,34,1.7,1.65,2.28,2.19,20,0.25,2.07,2.02,1.85,1.81,3.26,3.93,2.12
26,B1,18/08/2018,Kortrijk,Oostende,1,2,A,0,1,A,14,6,6,4,20.0,10.0,8,4,3,3,1,0,2.37,3.4,2.87,2.4,3.5,2.85,2.35,3.5,2.7,2.42,3.69,2.81,2.38,3.6,2.62,2.5,3.5,2.7,41,2.54,2.41,3.7,3.49,2.87,2.73,35,1.73,1.66,2.29,2.17,20,0.0,1.88,1.81,2.09,2.02,2.47,3.45,2.96
27,B1,18/08/2018,Lokeren,Standard,0,3,A,0,0,D,5,20,2,14,20.0,9.0,4,5,4,2,0,0,4.33,3.5,1.83,4.0,3.6,1.91,3.8,3.45,1.9,4.17,3.64,1.9,3.8,3.6,1.85,4.1,3.5,1.9,40,4.35,4.0,3.66,3.48,1.97,1.88,36,1.98,1.92,1.95,1.87,19,0.75,1.73,1.7,2.23,2.15,4.93,4.44,1.65
28,B1,18/08/2018,Waasland-Beveren,St Truiden,2,2,D,1,1,D,13,11,7,8,18.0,24.0,2,2,3,3,0,0,3.0,3.5,2.25,3.0,3.5,2.3,2.9,3.45,2.25,3.02,3.63,2.31,2.88,3.6,2.2,3.0,3.5,2.3,40,3.04,2.94,3.63,3.45,2.4,2.28,36,1.81,1.73,2.17,2.07,19,0.25,1.9,1.84,2.05,1.99,3.31,3.68,2.18
29,B1,19/08/2018,Antwerp,Club Brugge,1,1,D,0,0,D,5,9,1,4,27.0,16.0,3,3,3,0,0,0,3.6,3.4,2.04,3.8,3.4,2.05,3.4,3.35,2.05,3.69,3.32,2.14,3.25,3.4,2.1,3.4,3.5,2.1,38,3.8,3.45,3.55,3.37,2.16,2.08,33,1.85,1.77,2.11,2.0,18,0.25,2.09,2.02,1.85,1.8,2.83,3.44,2.57
30,B1,19/08/2018,Eupen,Gent,2,3,A,1,2,A,11,8,4,4,23.0,15.0,6,8,2,5,0,1,4.75,4.0,1.64,5.25,3.9,1.67,4.7,4.05,1.6,4.9,4.29,1.66,4.5,4.2,1.62,4.8,4.1,1.65,39,5.25,4.74,4.29,4.03,1.71,1.64,33,1.65,1.61,238.0,2.26,19,0.75,2.06,2.01,1.88,1.81,4.5,3.9,1.81
31,B1,19/08/2018,Genk,Charleroi,3,1,H,1,1,D,18,12,6,7,12.0,19.0,10,2,0,4,0,0,1.4,4.75,7.0,1.44,4.75,7.0,1.4,4.65,6.6,1.44,4.91,7.09,1.4,4.75,6.5,1.4,4.75,7.5,39,1.45,1.41,5.02,4.71,7.5,6.73,33,1.68,1.63,2.26,2.21,19,-1.25,1.99,1.93,1.96,1.89,1.52,4.38,6.83
32,B1,24/08/2018,Oostende,Waregem,3,1,H,1,1,D,7,10,5,3,18.0,21.0,0,4,3,4,0,0,3.1,3.5,2.2,3.25,3.6,2.15,3.1,3.6,2.1,3.14,3.79,2.22,3.0,3.7,2.1,3.13,3.6,2.15,41,3.25,3.11,3.8,3.57,2.25,2.15,30,1.62,1.57,2.43,2.33,20,0.25,2.02,1.94,1.95,1.88,3.3,3.86,2.12
33,B1,25/08/2018,Antwerp,Cercle Brugge,1,0,H,0,0,D,8,10,6,5,14.0,13.0,3,3,3,4,1,0,1.61,3.75,5.5,1.62,4.0,5.5,1.6,3.75,5.2,1.67,3.78,5.63,1.65,3.7,5.0,1.62,3.75,5.75,39,1.69,1.63,4.15,3.78,5.75,5.25,35,1.93,1.84,2.02,1.94,19,-1.0,2.2,2.1,1.8,1.73,1.8,3.47,5.32
34,B1,25/08/2018,Charleroi,Kortrijk,0,2,A,0,1,A,7,8,1,4,12.0,19.0,8,1,0,5,0,0,1.57,3.75,6.0,1.62,3.9,5.75,1.57,3.85,5.3,1.6,4.14,5.67,1.57,4.2,4.8,1.62,3.9,5.4,40,1.73,1.61,4.2,3.86,6.0,5.28,36,1.9,1.83,2.03,1.95,20,-1.0,2.2,2.1,1.8,1.73,1.95,3.33,4.53
35,B1,25/08/2018,Mouscron,Eupen,0,1,A,0,1,A,12,7,5,4,16.0,22.0,10,5,1,4,0,0,2.3,3.4,3.0,2.4,3.6,2.8,2.35,3.45,2.7,2.48,3.59,2.78,2.38,3.6,2.62,2.38,3.5,2.8,40,2.5,2.38,3.6,3.47,3.0,2.78,35,1.72,1.68,2.25,2.15,20,-0.25,2.14,2.07,1.82,1.76,2.68,3.55,2.63
36,B1,25/08/2018,Standard,St Truiden,3,2,H,1,1,D,20,9,9,7,19.0,14.0,9,1,3,3,0,0,1.53,4.0,6.0,1.55,4.4,5.75,1.53,4.15,5.4,1.56,4.26,6.04,1.5,4.33,5.5,1.53,4.1,6.0,40,1.6,1.53,4.4,4.14,6.13,5.66,33,1.74,1.68,2.23,2.14,22,-1.0,1.96,1.9,1.98,1.9,1.51,4.45,6.75
37,B1,26/08/2018,Club Brugge,Anderlecht,2,1,H,2,1,H,11,10,9,1,24.0,16.0,7,2,2,2,0,0,1.8,3.75,4.2,1.9,3.75,3.9,1.85,3.7,3.7,1.93,3.92,3.77,1.83,3.9,3.6,1.85,3.8,3.9,39,1.94,1.86,3.95,3.74,4.2,3.78,32,1.67,1.63,2.32,2.22,18,-0.75,2.21,2.13,1.77,1.71,1.78,3.81,4.87
38,B1,26/08/2018,Genk,Waasland-Beveren,3,2,H,1,0,H,13,13,6,7,21.0,14.0,10,5,2,4,0,0,1.2,6.0,15.0,1.28,5.75,10.5,1.23,5.8,10.0,1.26,6.62,10.25,1.2,7.0,9.5,1.22,6.5,11.5,37,1.3,1.24,7.0,6.05,15.0,10.54,30,1.5,1.44,2.8,2.68,18,-1.75,1.96,1.89,2.01,1.93,1.23,7.56,11.47
39,B1,26/08/2018,Gent,Lokeren,2,1,H,0,0,D,16,7,6,5,8.0,21.0,19,4,1,0,0,0,1.28,5.25,10.0,1.3,5.5,10.5,1.3,5.1,8.5,1.28,5.75,12.05,1.29,5.5,8.5,1.3,5.4,9.5,39,1.35,1.29,6.15,5.39,13.0,9.81,32,1.6,1.56,2.43,2.37,20,-1.5,1.97,1.89,2.08,1.93,1.4,4.81,9.02
40,B1,31/08/2018,Waregem,Club Brugge,2,5,A,0,3,A,19,23,7,13,27.0,23.0,2,6,5,1,0,0,3.1,3.5,2.2,2.95,3.75,2.25,2.9,3.65,2.15,3.05,3.91,2.23,3.0,3.8,2.1,3.0,3.8,2.15,39,3.1,2.95,3.95,3.72,2.27,2.2,31,1.57,1.52,2.56,2.45,19,0.25,1.98,1.91,1.98,1.91,3.69,3.72,2.03
41,B1,01/09/2018,Charleroi,Mouscron,3,1,H,2,0,H,12,5,9,1,17.0,14.0,4,5,2,6,0,0,1.57,4.2,5.25,1.57,4.1,5.75,1.57,3.9,5.2,1.61,4.0,5.9,1.62,4.0,5.0,1.57,4.0,5.75,39,1.64,1.58,4.2,3.96,6.0,5.5,33,1.84,1.77,2.11,2.01,21,-1.0,2.11,2.03,1.86,1.8,1.5,4.5,6.97
42,B1,01/09/2018,Eupen,Standard,2,1,H,0,1,A,10,5,5,3,11.0,2.0,2,5,1,2,0,0,5.25,4.2,1.57,5.25,4.25,1.6,5.0,4.1,1.57,5.37,4.46,1.59,4.8,4.4,1.57,5.2,4.1,1.6,39,5.56,5.08,4.46,4.16,1.67,1.59,31,1.65,1.62,2.33,2.22,22,1.0,1.88,1.8,2.1,2.02,5.54,4.51,1.58
43,B1,01/09/2018,Lokeren,Waasland-Beveren,1,0,H,0,0,D,7,10,5,5,12.0,21.0,5,5,1,4,0,0,2.14,3.4,3.3,2.15,3.6,3.25,2.15,3.45,3.1,2.22,3.53,3.27,2.15,3.5,3.1,2.2,3.4,3.2,38,2.27,2.17,3.6,3.44,3.5,3.15,31,1.75,1.68,2.23,2.14,17,-0.25,1.95,1.89,2.0,1.94,2.27,3.45,3.3
44,B1,01/09/2018,St Truiden,Oostende,1,0,H,0,0,D,13,6,5,3,18.0,14.0,6,3,2,2,0,0,1.95,3.5,3.8,1.95,3.6,3.8,1.9,3.6,3.65,1.95,3.8,3.78,1.95,3.8,3.4,1.95,3.6,3.75,38,1.98,1.93,3.8,3.63,3.81,3.65,31,1.76,1.68,2.17,2.13,17,-0.5,2.0,1.93,1.97,1.9,1.85,4.03,4.09
45,B1,02/09/2018,Anderlecht,Antwerp,1,1,D,1,0,H,9,9,4,2,18.0,19.0,4,5,1,3,0,0,1.66,4.0,4.75,1.7,3.8,5.0,1.7,3.7,4.55,1.72,3.84,5.07,1.7,3.8,4.6,1.7,3.75,5.0,36,1.75,1.69,4.0,3.74,5.07,4.73,30,1.84,1.76,2.08,2.02,16,-1.0,2.33,2.21,1.71,1.66,1.98,3.45,4.22
46,B1,02/09/2018,Cercle Brugge,Gent,0,3,A,0,1,A,1,8,0,7,17.0,17.0,7,5,4,3,0,0,3.3,3.5,2.1,3.3,3.6,2.15,3.1,3.45,2.1,3.25,3.69,2.17,3.1,3.7,2.1,3.2,3.5,2.15,37,3.3,3.15,3.7,3.51,2.22,2.14,31,1.76,1.67,2.24,2.16,17,0.25,2.0,1.94,1.94,1.88,3.38,3.66,2.15
47,B1,02/09/2018,Kortrijk,Genk,3,3,D,0,0,D,8,17,6,11,13.0,3.0,5,6,3,2,0,1,4.2,4.0,1.75,4.4,4.1,1.72,4.1,3.95,1.73,4.31,4.02,1.79,4.2,4.0,1.73,4.33,4.0,1.73,37,4.4,4.19,4.15,3.93,1.79,1.74,29,1.62,1.57,2.4,2.31,17,0.75,1.96,1.89,1.99,1.93,5.36,4.81,1.56
48,B1,14/09/2018,Club Brugge,Lokeren,2,1,H,0,1,A,13,4,7,2,23.0,19.0,9,5,2,5,0,0,1.16,7.5,13.0,1.19,7.25,13.5,1.2,6.6,11.5,1.2,7.2,13.42,1.2,6.5,12.0,1.18,7.5,13.0,39,1.21,1.19,7.75,7.11,16.67,12.94,31,1.39,1.34,3.4,3.17,24,-2.0,1.97,1.91,1.96,1.91,1.18,7.94,14.78
49,B1,15/09/2018,Genk,Anderlecht,1,0,H,0,0,D,12,13,5,5,18.0,18.0,9,5,3,1,0,0,1.85,4.0,3.6,1.87,3.75,4.0,1.83,3.85,3.65,1.88,4.01,3.89,1.85,4.0,3.6,1.83,3.9,3.9,39,1.92,1.86,4.2,3.84,4.0,3.76,32,1.6,1.56,2.45,2.37,21,-0.75,2.17,2.09,1.79,1.74,1.86,4.07,3.95
50,B1,15/09/2018,Oostende,Cercle Brugge,1,1,D,0,0,D,12,11,6,7,11.0,20.0,6,7,3,2,0,0,2.1,3.4,3.4,2.15,3.4,3.4,2.1,3.45,3.2,2.17,3.62,3.3,2.15,3.5,3.1,2.15,3.5,3.2,39,2.23,2.14,3.7,3.46,3.4,3.23,35,1.8,1.75,2.15,2.05,22,-0.25,1.94,1.88,1.99,1.94,2.12,3.59,3.49
51,B1,15/09/2018,Standard,Charleroi,0,0,D,0,0,D,8,10,6,4,15.0,18.0,5,9,3,4,1,0,1.55,3.8,6.5,1.6,4.1,5.5,1.55,3.95,5.5,1.57,4.14,6.1,1.57,4.0,5.5,1.57,4.0,5.75,39,1.6,1.56,4.18,3.96,6.5,5.7,35,1.84,1.78,2.09,2.01,25,-1.0,2.06,1.99,1.88,1.83,1.6,3.98,6.19
52,B1,15/09/2018,Waasland-Beveren,Eupen,0,0,D,0,0,D,15,7,6,3,18.0,23.0,2,7,4,2,0,0,2.2,3.5,3.1,2.25,3.5,3.1,2.25,3.55,2.85,2.35,3.69,2.92,2.25,3.6,2.88,2.25,3.6,3.0,38,2.36,2.27,3.8,3.54,3.1,2.92,31,1.63,1.6,2.4,2.27,22,-0.25,2.05,1.98,1.92,1.86,2.65,3.64,2.6
53,B1,16/09/2018,Antwerp,Waregem,5,1,H,3,0,H,15,5,6,2,17.0,10.0,4,1,2,0,0,1,1.9,3.5,4.0,1.87,3.6,4.2,1.8,3.6,3.95,1.88,3.84,4.04,1.83,3.75,3.9,1.85,3.7,4.0,36,1.92,1.87,3.84,3.64,4.2,3.92,33,1.85,1.78,2.08,2.0,19,-0.75,2.2,2.12,1.77,1.72,1.95,3.54,4.14
54,B1,16/09/2018,Gent,St Truiden,1,2,A,0,1,A,15,10,5,6,12.0,22.0,12,1,1,4,0,1,1.5,4.33,6.0,1.5,4.4,6.5,1.5,4.15,5.8,1.51,4.4,6.69,1.5,4.5,5.5,1.5,4.4,6.0,37,1.54,1.5,4.6,4.25,6.69,5.93,31,1.72,1.67,2.3,2.15,23,-1.0,1.93,1.85,2.02,1.96,1.42,5.05,7.5
55,B1,16/09/2018,Mouscron,Kortrijk,1,0,H,1,0,H,14,8,5,3,16.0,15.0,6,10,1,0,0,0,3.1,3.4,2.25,3.0,3.5,2.3,2.95,3.3,2.25,3.09,3.32,2.39,3.0,3.4,2.25,3.0,3.5,2.25,38,3.1,2.99,3.6,3.34,2.43,2.29,34,1.87,1.78,2.11,2.01,19,0.25,1.92,1.84,1.97,2.0,3.29,3.57,2.21
56,B1,21/09/2018,Waregem,Kortrijk,0,2,A,0,0,D,9,9,5,4,15.0,17.0,3,2,1,2,0,0,1.64,4.2,4.75,1.72,4.1,4.4,1.67,4.1,4.3,1.71,4.29,4.57,1.7,4.2,4.2,1.7,4.1,4.4,39,1.74,1.69,4.3,4.11,4.75,4.42,31,1.55,1.5,2.63,2.5,20,-1.0,2.29,2.19,1.74,1.68,1.68,4.48,4.59
57,B1,22/09/2018,Eupen,Oostende,1,2,A,0,1,A,6,6,3,3,17.0,16.0,6,2,4,2,0,0,2.25,3.5,3.0,2.3,3.6,2.95,2.15,3.5,3.0,2.2,3.72,3.11,2.25,3.6,2.88,2.25,3.5,3.0,39,2.32,2.24,3.72,3.51,3.11,2.98,33,1.7,1.66,2.28,2.16,19,-0.25,2.01,1.96,1.94,1.87,2.19,3.53,3.36
58,B1,22/09/2018,Lokeren,Mouscron,0,0,D,0,0,D,7,13,1,6,16.0,16.0,3,11,2,2,0,0,2.04,3.6,3.4,2.05,3.5,3.6,2.05,3.4,3.35,2.1,3.36,3.69,2.1,3.4,3.4,2.1,3.6,3.25,39,2.18,2.08,3.6,3.39,3.85,3.44,34,1.81,1.73,2.11,2.05,17,-0.25,1.87,1.81,2.07,2.0,1.98,3.7,3.88
59,B1,22/09/2018,St Truiden,Antwerp,2,0,H,0,0,D,12,9,5,3,12.0,15.0,3,9,2,2,0,0,2.8,3.4,2.4,2.9,3.4,2.45,2.95,3.2,2.35,3.13,3.27,2.39,2.88,3.25,2.4,2.88,3.4,2.4,38,3.13,2.93,3.4,3.25,2.45,2.38,34,2.02,1.94,1.92,1.84,18,0.25,1.83,1.78,2.13,2.06,3.08,3.32,2.43
60,B1,22/09/2018,Waasland-Beveren,Charleroi,1,1,D,0,1,A,13,9,4,5,25.0,11.0,3,5,4,1,0,2,3.2,3.6,2.1,3.6,3.5,2.05,3.35,3.4,2.05,3.52,3.53,2.1,3.4,3.5,2.05,3.5,3.5,2.05,38,3.65,3.41,3.6,3.44,2.15,2.08,35,1.98,1.86,1.98,1.91,19,0.5,1.8,1.75,2.17,2.09,3.43,3.4,2.22
61,B1,23/09/2018,Anderlecht,Standard,2,1,H,0,1,A,13,7,7,3,14.0,19.0,10,4,2,2,0,0,2.1,3.5,3.3,2.05,3.6,3.5,2.1,3.45,3.15,2.2,3.5,3.29,2.15,3.5,3.1,2.15,3.5,3.25,37,2.22,2.13,3.6,3.46,3.5,3.23,32,1.77,1.72,2.17,2.06,18,-0.25,1.92,1.87,2.02,1.95,2.17,3.38,3.59
62,B1,23/09/2018,Cercle Brugge,Genk,2,5,A,1,2,A,7,15,3,7,7.0,5.0,1,4,2,2,0,0,5.0,3.8,1.66,4.75,3.9,1.72,4.45,3.7,1.7,4.98,3.71,1.75,4.4,3.7,1.75,4.75,3.8,1.73,37,5.0,4.61,3.9,3.7,1.77,1.72,31,1.72,1.68,2.16,2.11,18,0.75,1.97,1.9,1.97,1.92,5.53,4.44,1.58
63,B1,23/09/2018,Gent,Club Brugge,0,4,A,0,1,A,19,11,7,8,18.0,18.0,9,3,1,3,0,0,2.8,3.4,2.4,2.7,3.4,2.6,2.7,3.35,2.45,2.81,3.43,2.53,2.7,3.4,2.45,2.75,3.5,2.45,38,2.83,2.71,3.55,3.37,2.6,2.48,32,1.84,1.76,2.11,2.01,18,0.0,2.07,2.0,1.87,1.83,2.55,3.5,2.79
64,B1,28/09/2018,Kortrijk,Eupen,1,3,A,1,2,A,14,6,6,3,9.0,11.0,8,1,2,2,0,0,1.9,3.6,3.75,1.95,3.7,3.7,1.85,3.55,3.7,1.93,3.8,3.97,1.88,3.7,3.7,1.87,3.75,3.9,39,1.95,1.9,3.9,3.7,4.05,3.78,37,1.77,1.72,2.19,2.09,20,-0.75,2.23,2.15,1.75,1.71,1.9,3.88,4.02
65,B1,29/09/2018,Charleroi,Lokeren,2,1,H,0,0,D,9,3,3,1,11.0,11.0,3,2,0,3,0,0,1.55,4.33,5.25,1.6,4.2,5.25,1.5,3.9,5.25,1.57,4.23,5.89,1.6,4.0,5.25,1.57,4.1,5.5,39,1.64,1.57,4.4,4.07,6.0,5.51,35,1.85,1.79,2.07,1.99,21,-1.0,2.08,2.01,1.9,1.81,1.58,4.19,6.12
66,B1,29/09/2018,Club Brugge,Cercle Brugge,4,0,H,2,0,H,14,3,5,0,18.0,15.0,8,7,2,6,0,0,1.3,5.75,8.5,1.35,5.5,7.75,1.3,5.0,7.5,1.32,5.54,8.89,1.32,5.5,8.0,1.3,5.5,9.0,39,1.37,1.32,5.75,5.36,9.17,8.21,33,1.52,1.48,2.7,2.54,20,-1.5,1.97,1.91,1.97,1.91,1.34,5.4,8.9
67,B1,29/09/2018,Genk,Waregem,4,0,H,2,0,H,29,3,17,1,11.0,9.0,12,2,0,4,0,0,1.36,4.75,8.0,1.4,5.25,7.0,1.35,4.8,6.5,1.38,5.28,7.33,1.38,5.25,6.5,1.36,5.2,7.5,39,1.42,1.37,5.5,5.06,8.0,7.0,32,1.5,1.43,2.88,2.7,19,-1.25,1.86,1.8,2.1,2.03,1.3,6.2,8.76
68,B1,29/09/2018,Mouscron,Waasland-Beveren,0,3,A,0,2,A,10,9,4,5,16.0,15.0,6,2,2,3,0,0,2.04,3.5,3.4,2.1,3.6,3.4,2.05,3.4,3.35,2.12,3.51,3.47,2.05,3.5,3.4,2.05,3.5,3.5,38,2.2,2.09,3.6,3.45,3.6,3.36,34,1.95,1.87,1.99,1.9,18,-0.25,1.85,1.8,2.12,2.04,2.09,3.6,3.57
69,B1,30/09/2018,Anderlecht,St Truiden,0,0,D,0,0,D,21,2,7,0,17.0,11.0,11,0,1,0,0,1,1.44,4.5,6.5,1.45,4.5,7.0,1.5,4.15,5.5,1.5,4.35,6.75,1.47,4.5,6.0,1.5,4.5,6.0,38,1.55,1.48,4.8,4.41,7.3,6.16,33,1.6,1.56,2.5,2.35,21,-1.0,1.85,1.79,2.2,2.04,1.58,4.17,6.07
70,B1,30/09/2018,Antwerp,Gent,2,2,D,1,2,A,9,8,7,7,16.0,13.0,8,4,4,2,0,0,2.5,3.4,2.7,2.35,3.6,2.9,2.4,3.15,2.7,2.55,3.33,2.85,2.45,3.3,2.8,2.4,3.4,2.88,36,2.6,2.44,3.6,3.34,2.95,2.82,33,2.0,1.92,1.94,1.86,18,0.0,1.85,1.78,2.13,2.07,2.53,3.42,2.86
71,B1,30/09/2018,Oostende,Standard,1,3,A,0,1,A,10,5,5,3,25.0,19.0,6,0,3,2,0,0,4.2,3.75,1.8,4.1,3.9,1.83,3.85,3.55,1.8,4.11,3.83,1.85,3.8,3.75,1.85,4.0,3.7,1.85,36,4.25,4.0,3.9,3.7,1.9,1.84,34,1.8,1.74,2.15,2.05,18,0.75,1.8,1.73,2.19,2.11,3.79,3.63,2.01
72,B1,05/10/2018,Cercle Brugge,Charleroi,2,1,H,1,1,D,3,6,2,4,11.0,13.0,3,5,3,2,0,0,2.9,3.2,2.45,2.8,3.4,2.5,2.7,3.25,2.4,2.86,3.48,2.54,2.75,3.4,2.45,2.75,3.4,2.5,37,2.93,2.8,3.5,3.34,2.6,2.47,33,1.98,1.9,1.95,1.87,18,0.25,1.77,1.72,2.2,2.13,3.04,3.42,2.44
73,B1,06/10/2018,Eupen,Antwerp,1,2,A,1,0,H,10,11,4,8,17.0,18.0,0,8,2,2,0,0,3.75,3.4,2.0,3.6,3.5,2.05,3.45,3.3,1.95,3.74,3.51,2.05,3.4,3.5,2.05,3.6,3.5,2.0,35,3.8,3.56,3.6,3.43,2.1,2.03,31,2.0,1.92,1.93,1.86,16,0.25,2.16,2.08,1.8,1.76,3.92,3.68,1.97
74,B1,06/10/2018,Lokeren,Kortrijk,1,3,A,1,0,H,9,15,4,7,13.0,14.0,5,5,1,2,0,0,2.7,3.4,2.5,2.75,3.4,2.55,2.55,3.25,2.5,2.7,3.51,2.62,2.6,3.4,2.55,2.6,3.5,2.55,36,2.75,2.64,3.55,3.37,2.67,2.56,32,1.9,1.81,2.07,1.97,17,0.25,1.72,1.67,2.28,2.21,3.13,3.82,2.22
75,B1,06/10/2018,St Truiden,Mouscron,3,1,H,1,1,D,13,15,8,6,12.0,15.0,5,4,0,6,0,2,1.53,4.2,5.75,1.57,4.25,5.5,1.5,4.05,5.25,1.56,4.43,5.62,1.53,4.33,5.25,1.53,4.3,5.75,37,1.6,1.55,4.55,4.25,5.75,5.51,31,1.7,1.65,2.3,2.19,20,-1.0,1.98,1.93,1.95,1.89,1.68,3.96,5.25
76,B1,06/10/2018,Waasland-Beveren,Oostende,1,1,D,0,0,D,7,9,5,3,19.0,26.0,4,2,4,4,0,0,2.5,3.4,2.7,2.45,3.4,2.85,2.3,3.4,2.7,2.43,3.6,2.87,2.4,3.5,2.7,2.4,3.6,2.75,36,2.55,2.41,3.7,3.48,2.9,2.77,33,1.78,1.73,2.17,2.08,17,-0.25,2.16,2.09,1.8,1.75,3.32,3.6,2.21
77,B1,07/10/2018,Gent,Genk,1,5,A,1,3,A,10,13,5,8,11.0,16.0,4,13,4,0,1,0,2.8,3.5,2.37,2.8,3.6,2.4,2.75,3.4,2.25,2.97,3.53,2.4,2.75,3.6,2.35,2.75,3.7,2.38,35,3.0,2.84,3.7,3.5,2.43,2.35,30,1.65,1.61,2.35,2.25,17,0.25,1.85,1.79,2.12,2.04,2.95,3.49,2.46
78,B1,07/10/2018,Standard,Club Brugge,3,1,H,1,0,H,18,6,8,3,12.0,13.0,6,1,0,2,0,0,2.62,3.3,2.6,2.7,3.4,2.6,2.6,3.3,2.45,2.84,3.41,2.56,2.7,3.4,2.45,2.7,3.5,2.5,35,2.84,2.69,3.6,3.36,2.6,2.51,31,1.75,1.69,2.21,2.12,17,0.25,1.74,1.69,2.25,2.16,3.0,3.47,2.46
79,B1,07/10/2018,Waregem,Anderlecht,1,2,A,0,1,A,9,11,3,6,17.0,21.0,10,2,1,4,0,0,3.5,3.6,2.0,3.3,3.7,2.1,3.15,3.6,2.0,3.26,3.95,2.09,3.1,3.8,2.05,3.25,3.8,2.05,35,3.5,3.24,4.0,3.73,2.1,2.05,30,1.56,1.53,2.55,2.42,17,0.25,2.09,2.02,1.87,1.8,3.27,3.89,2.14
80,B1,19/10/2018,Club Brugge,Waasland-Beveren,1,1,D,0,0,D,19,6,8,1,11.0,14.0,6,4,0,1,0,0,1.18,7.5,12.0,1.19,7.75,12.5,1.2,6.8,11.0,1.2,7.47,12.79,1.18,7.5,11.0,1.18,7.5,13.0,37,1.23,1.19,8.41,7.21,16.2,12.38,31,1.35,1.31,3.6,3.31,21,-2.0,1.98,1.88,2.07,1.95,1.17,8.31,14.1
81,B1,20/10/2018,Antwerp,Lokeren,2,1,H,1,0,H,17,5,9,2,18.0,21.0,9,2,3,4,0,1,1.36,4.5,9.0,1.4,4.75,8.25,1.36,4.6,7.6,1.37,5.01,8.29,1.38,5.0,7.0,1.36,4.75,8.0,37,1.41,1.37,5.01,4.72,9.0,8.0,36,1.8,1.73,2.15,2.07,18,-1.25,1.96,1.88,2.06,1.95,1.35,5.14,9.22
82,B1,20/10/2018,Genk,Eupen,2,1,H,1,0,H,26,9,10,4,9.0,15.0,13,5,1,4,0,0,1.16,7.5,13.0,1.18,7.25,15.0,1.2,6.7,11.0,1.2,7.13,12.74,1.17,7.5,12.0,1.18,7.5,13.0,38,1.23,1.19,8.0,7.1,15.0,12.34,32,1.35,1.31,3.65,3.36,21,-2.0,1.91,1.85,2.07,1.97,1.19,7.95,13.02
83,B1,20/10/2018,Kortrijk,St Truiden,3,1,H,2,1,H,16,10,7,7,14.0,8.0,5,5,1,0,0,0,2.04,3.6,3.3,2.15,3.7,3.2,2.1,3.6,3.1,2.12,3.97,3.19,2.05,3.8,3.1,2.1,3.6,3.25,38,2.2,2.11,3.97,3.67,3.35,3.16,37,1.8,1.73,2.2,2.08,20,-0.25,1.93,1.85,2.06,1.98,2.01,3.72,3.76
84,B1,20/10/2018,Mouscron,Standard,0,0,D,0,0,D,8,13,2,5,9.0,16.0,4,8,0,0,0,0,5.75,4.2,1.53,5.75,4.25,1.55,5.2,4.0,1.57,5.5,4.2,1.6,5.0,4.2,1.57,5.4,4.2,1.57,38,5.75,5.28,4.35,4.11,1.65,1.58,33,1.73,1.67,2.25,2.15,21,1.0,1.9,1.83,2.05,1.98,5.81,4.56,1.55
85,B1,21/10/2018,Anderlecht,Cercle Brugge,4,2,H,2,0,H,12,7,7,4,17.0,23.0,7,4,2,4,0,0,1.36,5.0,7.5,1.42,4.6,7.75,1.38,4.85,6.6,1.4,5.15,6.98,1.38,5.0,7.0,1.4,5.0,7.0,36,1.45,1.4,5.25,4.92,7.75,6.93,33,1.55,1.5,2.6,2.5,18,-1.25,1.92,1.86,2.03,1.96,1.37,5.4,7.93
86,B1,21/10/2018,Charleroi,Waregem,3,2,H,1,0,H,11,9,8,4,10.0,10.0,2,6,2,3,0,0,1.83,3.5,4.2,1.95,3.7,3.8,1.87,3.65,3.7,1.91,3.9,3.85,1.88,3.75,3.7,1.87,3.8,3.8,35,1.96,1.9,3.95,3.72,4.2,3.75,34,1.73,1.67,2.25,2.16,17,-0.75,2.25,2.15,1.75,1.7,1.95,3.77,3.91
87,B1,21/10/2018,Oostende,Gent,0,4,A,0,2,A,8,14,4,11,18.0,18.0,5,4,4,1,0,0,3.3,3.5,2.1,3.3,3.5,2.15,3.1,3.45,2.15,3.14,3.67,2.24,3.1,3.5,2.15,3.25,3.5,2.15,34,3.3,3.14,3.7,3.49,2.25,2.17,34,1.77,1.71,2.2,2.09,17,0.25,2.01,1.94,1.95,1.89,3.37,3.76,2.13
88,B1,26/10/2018,Gent,Charleroi,2,1,H,1,1,D,12,6,6,4,16.0,23.0,7,2,2,4,0,0,1.66,3.8,5.0,1.67,4.0,5.0,1.65,3.8,4.75,1.71,3.99,4.96,1.7,3.9,4.5,1.7,3.8,4.75,37,1.75,1.69,4.05,3.85,5.0,4.76,35,1.84,1.78,2.13,2.01,19,-1.0,2.35,2.23,1.75,1.66,1.89,3.62,4.36
89,B1,27/10/2018,Cercle Brugge,Kortrijk,1,1,D,0,1,A,7,14,2,8,17.0,12.0,6,10,1,1,0,0,2.7,3.4,2.5,2.75,3.7,2.4,2.65,3.4,2.45,2.77,3.57,2.53,2.7,3.4,2.45,2.75,3.5,2.45,37,2.84,2.71,3.7,3.45,2.6,2.47,35,1.81,1.74,2.17,2.05,18,0.25,1.76,1.71,2.23,2.15,3.05,3.59,2.35
90,B1,27/10/2018,Lokeren,Oostende,0,0,D,0,0,D,9,16,3,10,16.0,12.0,3,7,1,1,0,0,3.0,3.4,2.3,3.1,3.4,2.3,2.85,3.4,2.25,2.96,3.59,2.38,2.8,3.5,2.35,2.9,3.6,2.3,36,3.1,2.95,3.65,3.46,2.4,2.3,35,1.8,1.75,2.15,2.05,16,0.25,1.87,1.82,2.06,2.01,2.89,3.73,2.4
91,B1,27/10/2018,St Truiden,Club Brugge,2,2,D,1,2,A,9,8,4,5,10.0,15.0,6,2,2,1,0,0,4.33,4.0,1.72,4.6,3.9,1.75,4.15,3.75,1.75,4.46,3.74,1.82,4.0,3.9,1.78,4.1,4.0,1.75,35,4.6,4.3,4.1,3.83,1.83,1.77,31,1.65,1.59,2.38,2.28,17,0.75,1.92,1.84,2.05,1.98,4.47,3.68,1.85
92,B1,27/10/2018,Waregem,Mouscron,2,2,D,2,1,H,8,12,6,4,11.0,19.0,8,3,2,2,0,0,1.61,4.0,5.0,1.62,4.1,5.25,1.63,4.0,4.65,1.67,4.1,4.96,1.62,4.2,4.8,1.6,4.2,5.0,37,1.7,1.64,4.3,4.08,5.25,4.9,32,1.62,1.58,2.45,2.31,20,-1.0,2.19,2.1,1.82,1.74,1.74,3.88,4.96
93,B1,28/10/2018,Eupen,Anderlecht,2,1,H,2,0,H,5,9,5,5,19.0,13.0,4,12,2,1,0,0,4.5,4.0,1.7,4.1,4.2,1.75,4.15,3.9,1.7,4.3,4.08,1.77,4.2,4.0,1.73,4.4,4.1,1.7,34,4.5,4.22,4.2,3.99,1.8,1.74,30,1.61,1.53,2.5,2.41,15,0.75,1.97,1.91,1.97,1.92,4.1,3.69,1.93
94,B1,28/10/2018,Standard,Genk,1,1,D,0,0,D,11,12,6,6,16.0,19.0,5,4,2,2,0,0,3.0,3.25,2.37,3.0,3.6,2.3,2.8,3.5,2.25,2.88,3.72,2.37,2.75,3.6,2.35,2.8,3.7,2.3,35,3.0,2.86,3.72,3.53,2.4,2.32,31,1.67,1.63,2.32,2.21,17,0.25,1.85,1.8,2.08,2.03,3.21,3.91,2.15
95,B1,28/10/2018,Waasland-Beveren,Antwerp,0,1,A,0,0,D,15,13,6,6,19.0,7.0,5,8,2,1,0,0,4.75,3.75,1.72,4.33,3.8,1.8,4.35,3.65,1.73,4.36,3.95,1.79,4.2,3.8,1.75,4.6,3.6,1.75,33,4.75,4.36,3.95,3.74,1.81,1.77,31,2.03,1.95,1.9,1.82,15,0.75,1.85,1.82,2.07,2.01,4.67,3.9,1.77
96,B1,30/10/2018,Charleroi,St Truiden,1,0,H,0,0,D,14,9,8,4,7.0,16.0,6,2,1,2,0,0,1.9,3.6,3.75,1.91,3.7,3.9,1.87,3.55,3.8,1.94,3.81,3.92,1.88,3.7,3.7,1.91,3.6,3.9,37,2.0,1.92,3.81,3.64,4.05,3.8,35,1.9,1.82,2.04,1.97,18,-0.75,2.26,2.19,1.75,1.69,2.02,3.5,3.94
97,B1,30/10/2018,Club Brugge,Oostende,4,0,H,3,0,H,15,11,9,6,9.0,21.0,8,2,1,4,0,0,1.36,5.25,7.0,1.36,5.5,7.75,1.37,4.95,6.6,1.34,5.48,8.79,1.36,5.25,7.0,1.36,5.2,7.5,37,1.42,1.35,5.75,5.21,8.9,7.66,36,1.45,1.42,2.9,2.74,19,-1.75,2.35,2.26,1.7,1.64,1.29,5.84,10.33
98,B1,30/10/2018,Mouscron,Gent,3,1,H,2,0,H,17,18,9,7,25.0,9.0,6,4,2,0,0,0,5.5,4.2,1.55,5.25,4.1,1.62,5.1,4.1,1.57,5.33,4.36,1.61,5.0,4.33,1.57,5.4,4.2,1.57,37,5.5,5.22,4.45,4.16,1.65,1.59,33,1.7,1.64,2.3,2.21,21,1.0,1.9,1.84,2.1,1.98,5.51,4.35,1.6
99,B1,31/10/2018,Antwerp,Genk,2,4,A,2,0,H,12,18,8,12,15.0,12.0,5,6,3,3,0,0,3.3,3.5,2.1,3.5,3.6,2.05,3.3,3.6,2.0,3.44,3.72,2.09,3.3,3.6,2.05,3.3,3.7,2.05,35,3.55,3.33,3.85,3.63,2.13,2.06,33,1.7,1.63,2.3,2.22,17,0.25,2.13,2.04,1.86,1.79,3.41,3.63,2.16
100,B1,31/10/2018,Eupen,Cercle Brugge,2,0,H,0,0,D,12,6,6,5,17.0,19.0,7,5,2,3,0,0,2.04,3.5,3.4,2.05,3.5,3.6,2.0,3.45,3.45,2.07,3.61,3.6,2.05,3.6,3.3,2.05,3.6,3.4,36,2.1,2.04,3.7,3.52,3.7,3.46,34,1.85,1.81,2.05,1.97,18,-0.25,1.83,1.77,2.14,2.06,2.1,3.51,3.68
101,B1,31/10/2018,Kortrijk,Waasland-Beveren,2,2,D,2,0,H,16,9,10,5,15.0,11.0,9,5,2,2,0,0,1.5,4.5,6.0,1.5,4.33,6.5,1.47,4.25,6.0,1.49,4.5,6.5,1.47,4.4,6.0,1.45,4.4,6.5,34,1.55,1.49,4.65,4.35,6.5,6.2,32,1.75,1.68,2.21,2.13,20,-1.0,1.85,1.8,2.1,2.03,1.61,4.01,6.0
102,B1,01/11/2018,Anderlecht,Lokeren,1,1,D,0,0,D,11,5,4,3,15.0,19.0,5,4,0,1,0,0,1.25,5.5,12.0,1.25,6.25,11.5,1.25,5.7,9.5,1.23,6.21,12.31,1.27,5.8,9.5,1.25,6.0,10.5,35,1.3,1.25,6.5,6.01,12.31,10.71,32,1.45,1.43,2.88,2.7,17,-1.5,1.81,1.72,2.25,2.13,1.25,6.24,12.08
103,B1,01/11/2018,Waregem,Standard,3,1,H,1,1,D,12,6,10,5,12.0,16.0,6,8,2,2,1,0,3.5,3.75,1.95,3.75,3.9,1.9,3.5,3.75,1.9,3.68,3.92,1.95,3.4,3.9,1.91,3.5,3.9,1.93,35,3.75,3.54,4.05,3.85,2.0,1.92,33,1.55,1.5,2.65,2.49,17,0.25,2.22,2.16,1.75,1.69,3.12,3.46,2.37
104,B1,02/11/2018,Oostende,Charleroi,2,1,H,1,0,H,8,12,4,3,21.0,14.0,3,6,3,1,0,0,3.1,3.3,2.3,2.75,3.4,2.55,2.85,3.25,2.4,2.98,3.36,2.52,2.88,3.25,2.4,2.9,3.3,2.45,37,3.1,2.86,3.4,3.29,2.65,2.45,35,2.0,1.92,1.93,1.86,18,0.25,1.81,1.76,2.15,2.09,2.92,3.42,2.53
105,B1,03/11/2018,Cercle Brugge,Mouscron,2,1,H,0,1,A,12,3,8,1,20.0,11.0,9,3,2,2,0,1,2.25,3.3,3.2,2.2,3.5,3.2,2.2,3.45,3.0,2.27,3.68,3.07,2.2,3.6,3.0,2.2,3.5,3.13,36,2.3,2.22,3.7,3.51,3.3,3.06,33,1.84,1.77,2.12,2.02,18,-0.25,1.99,1.93,1.96,1.89,2.45,3.35,3.08
106,B1,03/11/2018,Genk,Club Brugge,1,1,D,1,0,H,6,12,3,4,9.0,20.0,4,3,0,2,0,0,1.9,3.6,3.75,1.91,3.8,3.75,1.87,3.7,3.6,1.92,4.01,3.71,1.88,3.9,3.6,1.9,3.8,3.7,37,2.0,1.91,4.01,3.78,3.8,3.62,33,1.65,1.6,2.4,2.28,17,-0.25,1.76,1.69,2.26,2.18,1.65,4.78,4.49
107,B1,03/11/2018,Gent,Kortrijk,3,1,H,0,1,A,9,7,5,4,21.0,20.0,5,4,1,4,0,0,1.61,4.0,5.0,1.65,3.9,5.25,1.65,3.8,4.7,1.68,3.91,5.24,1.65,4.0,4.75,1.65,4.0,5.0,37,1.7,1.65,4.2,3.9,5.25,4.92,35,1.75,1.69,2.2,2.12,20,-1.0,2.25,2.16,1.75,1.7,1.67,4.11,5.14
108,B1,04/11/2018,Lokeren,Eupen,2,0,H,2,0,H,9,9,6,4,16.0,12.0,2,9,0,0,0,0,2.45,3.3,2.8,2.45,3.4,2.85,2.4,3.4,2.7,2.52,3.6,2.75,2.45,3.5,2.62,2.5,3.5,2.7,36,2.55,2.46,3.6,3.44,2.85,2.72,34,1.88,1.77,2.1,2.01,18,-0.25,2.23,2.13,1.77,1.71,2.62,3.65,2.67
109,B1,04/11/2018,St Truiden,Waregem,2,1,H,0,1,A,12,6,6,3,11.0,19.0,1,6,3,2,0,1,2.0,3.5,3.6,2.0,3.6,3.7,2.05,3.45,3.35,2.12,3.41,3.68,2.05,3.5,3.4,2.1,3.5,3.4,36,2.15,2.06,3.65,3.48,3.77,3.47,33,1.7,1.62,2.35,2.23,17,-0.5,2.11,2.06,1.84,1.78,2.23,3.57,3.29
110,B1,04/11/2018,Standard,Antwerp,0,2,A,0,1,A,8,5,2,2,12.0,19.0,2,2,2,5,0,0,1.95,3.5,3.75,2.05,3.6,3.5,2.0,3.45,3.45,2.06,3.65,3.57,2.0,3.6,3.4,2.0,3.5,3.6,35,2.06,2.01,3.7,3.56,3.75,3.52,33,1.9,1.81,2.07,1.97,17,-0.25,1.8,1.75,2.17,2.09,2.09,3.34,3.94
111,B1,04/11/2018,Waasland-Beveren,Anderlecht,1,2,A,0,1,A,6,7,4,4,23.0,26.0,3,2,7,4,1,1,5.5,3.8,1.61,5.0,4.1,1.65,4.65,3.85,1.65,4.94,3.94,1.7,4.5,4.0,1.67,5.0,3.8,1.67,35,5.5,4.81,4.2,3.93,1.72,1.66,32,1.7,1.65,2.3,2.19,19,1.0,1.79,1.72,2.23,2.13,6.85,4.03,1.55
112,B1,09/11/2018,Antwerp,Oostende,2,0,H,1,0,H,19,7,9,5,20.0,13.0,9,4,3,2,0,1,1.44,4.5,6.5,1.48,4.6,6.75,1.45,4.3,6.3,1.48,4.66,6.77,1.44,4.5,6.5,1.44,4.4,7.0,34,1.55,1.47,4.66,4.41,7.0,6.37,32,1.85,1.73,2.14,2.06,18,-1.0,1.85,1.77,2.13,2.06,1.52,4.38,6.59
113,B1,10/11/2018,Cercle Brugge,Waasland-Beveren,2,0,H,1,0,H,8,5,4,1,15.0,19.0,6,3,0,2,0,0,1.85,3.6,4.0,1.95,3.6,4.0,1.9,3.5,3.75,1.96,3.65,3.91,1.95,3.6,3.6,1.93,3.6,3.8,36,1.97,1.92,3.7,3.58,4.02,3.79,34,1.85,1.78,2.1,2.0,18,-0.5,1.99,1.93,1.95,1.9,1.79,4.04,4.39
114,B1,10/11/2018,Charleroi,Club Brugge,2,1,H,1,1,D,7,5,6,4,15.0,17.0,4,5,1,1,0,0,3.6,3.6,1.95,3.6,3.6,2.05,3.45,3.5,1.97,3.58,3.8,2.01,3.3,3.7,2.0,3.5,3.6,2.0,37,3.7,3.51,3.8,3.59,2.06,2.0,36,1.76,1.7,2.21,2.11,19,0.25,2.17,2.1,1.78,1.74,3.66,3.68,2.05
115,B1,10/11/2018,Eupen,St Truiden,1,4,A,0,2,A,7,6,2,6,20.0,18.0,5,3,3,2,0,0,2.37,3.6,2.7,2.45,3.4,2.95,2.35,3.45,2.75,2.42,3.59,2.9,2.38,3.5,2.75,2.4,3.5,2.8,37,2.45,2.38,3.65,3.46,2.95,2.82,36,1.81,1.75,2.15,2.05,19,-0.25,2.14,2.07,1.81,1.76,2.42,3.47,3.03
116,B1,10/11/2018,Waregem,Lokeren,2,0,H,0,0,D,8,1,4,0,14.0,18.0,4,7,2,6,0,0,1.6,4.33,4.75,1.65,4.1,5.25,1.63,4.05,4.6,1.66,4.16,4.94,1.65,4.0,4.6,1.65,4.2,4.75,37,1.72,1.65,4.33,4.05,5.25,4.79,33,1.6,1.54,2.55,2.4,21,-1.0,2.14,2.08,1.81,1.75,1.69,4.19,4.81
117,B1,11/11/2018,Anderlecht,Gent,2,0,H,1,0,H,19,15,11,5,20.0,18.0,7,4,1,2,0,2,2.0,3.6,3.5,2.05,3.7,3.5,1.97,3.55,3.4,2.07,3.7,3.5,2.05,3.6,3.3,2.05,3.7,3.3,35,2.13,2.03,3.8,3.61,3.6,3.39,32,1.75,1.68,2.25,2.13,18,-0.25,1.83,1.78,2.1,2.05,2.55,3.53,2.81
118,B1,11/11/2018,Kortrijk,Standard,0,2,A,0,1,A,12,9,4,7,12.0,14.0,5,2,3,4,0,0,2.6,3.6,2.5,2.75,3.6,2.5,2.6,3.55,2.4,2.7,3.8,2.47,2.55,3.6,2.5,2.63,3.6,2.5,35,2.76,2.64,3.8,3.56,2.63,2.46,32,1.7,1.63,2.35,2.22,18,0.25,1.75,1.7,2.25,2.15,2.49,3.81,2.73
119,B1,11/11/2018,Mouscron,Genk,0,0,D,0,0,D,11,15,3,8,20.0,20.0,5,2,3,4,0,0,7.5,5.5,1.33,8.0,5.5,1.36,7.0,4.75,1.37,7.92,4.89,1.39,7.0,5.0,1.38,8.0,5.0,1.36,36,8.2,7.44,5.5,4.91,1.42,1.37,33,1.6,1.56,2.55,2.38,18,1.5,1.8,1.77,2.16,2.07,9.79,6.53,1.27
120,B1,23/11/2018,Club Brugge,Waregem,1,3,A,0,2,A,9,7,3,3,16.0,19.0,5,2,0,1,0,0,1.36,5.5,7.0,1.4,5.5,6.75,1.37,5.1,6.5,1.36,5.61,7.59,1.33,5.25,7.5,1.36,5.4,7.0,38,1.41,1.36,5.65,5.29,7.9,7.08,31,1.4,1.35,3.3,3.09,21,-1.5,2.02,1.96,1.91,1.86,1.37,5.14,8.51
121,B1,24/11/2018,Genk,Cercle Brugge,1,2,A,0,2,A,14,3,5,2,10.0,20.0,12,4,0,5,0,1,1.16,7.0,15.0,1.2,7.5,14.0,1.18,6.8,12.0,1.19,7.22,12.73,1.17,7.0,15.0,1.17,7.5,15.0,36,1.21,1.18,8.0,7.19,15.0,13.26,30,1.37,1.35,3.25,3.04,22,-2.0,1.9,1.84,2.05,1.98,1.18,7.93,14.3
122,B1,24/11/2018,Oostende,Kortrijk,1,2,A,1,1,D,11,10,6,6,9.0,13.0,2,11,1,1,0,0,3.1,3.4,2.25,3.2,3.5,2.25,2.95,3.45,2.2,3.09,3.71,2.25,3.0,3.5,2.2,3.0,3.5,2.25,37,3.2,3.01,3.75,3.51,2.38,2.25,36,1.79,1.74,2.13,2.05,20,0.25,1.93,1.86,2.09,1.96,2.52,3.68,2.75
123,B1,24/11/2018,Standard,Eupen,3,0,H,2,0,H,11,2,6,1,16.0,22.0,5,4,2,2,0,0,1.4,5.0,6.5,1.45,4.75,7.0,1.45,4.45,6.2,1.46,4.51,7.02,1.42,4.5,7.0,1.44,4.75,6.5,37,1.49,1.44,5.0,4.59,7.02,6.57,33,1.6,1.56,2.45,2.35,22,-1.0,1.76,1.71,2.21,2.15,1.63,3.83,6.07
124,B1,24/11/2018,Waasland-Beveren,Mouscron,1,2,A,0,1,A,12,13,5,7,20.0,16.0,3,7,2,4,0,0,2.62,3.4,2.54,2.8,3.4,2.55,2.7,3.3,2.45,2.84,3.48,2.52,2.75,3.4,2.45,2.7,3.4,2.55,36,2.84,2.71,3.48,3.39,2.63,2.52,34,1.89,1.83,2.02,1.95,20,0.0,2.06,1.98,1.92,1.84,2.47,3.53,2.92
125,B1,25/11/2018,Gent,Antwerp,0,0,D,0,0,D,9,5,2,1,16.0,16.0,2,2,1,5,0,0,2.0,3.5,3.6,2.05,3.6,3.6,1.95,3.45,3.6,2.04,3.61,3.69,2.0,3.4,3.6,2.0,3.5,3.6,36,2.08,1.99,3.61,3.49,3.75,3.61,33,1.95,1.85,2.0,1.93,18,-0.25,1.77,1.74,2.2,2.12,2.06,3.6,3.71
126,B1,25/11/2018,Lokeren,Charleroi,2,4,A,1,1,D,12,14,7,10,13.0,12.0,0,6,0,1,0,0,3.5,3.6,2.0,3.7,3.5,2.05,3.45,3.4,2.0,3.59,3.62,2.07,3.4,3.5,2.05,3.5,3.5,2.05,38,3.7,3.45,3.62,3.47,2.17,2.05,35,1.97,1.88,1.94,1.89,20,0.25,2.11,2.04,1.85,1.79,3.89,3.85,1.93
127,B1,25/11/2018,St Truiden,Anderlecht,4,2,H,1,1,D,10,8,6,4,15.0,12.0,3,2,3,3,0,0,3.3,3.6,2.04,3.3,3.7,2.15,3.15,3.5,2.1,3.26,3.68,2.18,3.1,3.5,2.15,3.25,3.6,2.1,38,3.3,3.16,3.7,3.53,2.24,2.13,36,1.82,1.73,2.14,2.07,20,0.25,2.05,1.98,1.9,1.85,2.49,3.36,3.01
128,B1,30/11/2018,Lokeren,Gent,2,2,D,1,0,H,11,14,5,8,13.0,16.0,3,10,1,2,0,0,6.5,4.0,1.5,6.0,4.5,1.5,5.5,4.3,1.5,5.65,4.59,1.55,5.8,4.33,1.5,6.0,4.4,1.5,38,6.5,5.62,4.59,4.34,1.58,1.52,34,1.68,1.63,2.31,2.23,23,1.0,2.05,1.95,1.92,1.86,6.16,5.02,1.47
129,B1,01/12/2018,Antwerp,St Truiden,1,3,A,1,2,A,9,10,4,4,16.0,13.0,9,7,2,4,0,0,1.66,3.6,5.25,1.7,3.75,5.5,1.7,3.55,4.8,1.75,3.52,5.4,1.67,3.6,5.25,1.7,3.8,4.8,37,1.75,1.71,3.8,3.59,5.5,4.95,34,1.98,1.9,1.96,1.88,20,-1.0,2.39,2.28,1.7,1.63,1.83,3.48,4.99
130,B1,01/12/2018,Charleroi,Cercle Brugge,3,1,H,1,0,H,15,4,7,1,19.0,16.0,2,3,2,3,0,0,1.57,4.0,5.5,1.62,4.1,5.5,1.57,4.05,5.2,1.6,4.16,5.53,1.57,4.0,5.5,1.57,4.1,5.5,38,1.63,1.59,4.25,4.06,5.63,5.26,36,1.77,1.71,2.19,2.1,23,-1.0,2.07,2.01,1.87,1.81,1.66,3.85,5.76
131,B1,01/12/2018,Kortrijk,Mouscron,1,0,H,1,0,H,5,8,3,5,20.0,14.0,2,4,3,2,0,0,1.72,3.75,4.5,1.78,3.9,4.5,1.75,3.75,4.1,1.79,3.94,4.37,1.73,3.8,4.33,1.73,4.0,4.33,38,1.83,1.76,4.0,3.83,4.5,4.22,33,1.65,1.58,2.47,2.3,20,-0.75,2.05,1.97,1.93,1.86,1.74,3.95,4.83
132,B1,01/12/2018,Waregem,Oostende,1,1,D,1,0,H,7,8,2,4,13.0,21.0,6,4,2,2,0,0,1.72,3.75,4.5,1.75,4.25,4.25,1.7,4.0,4.05,1.78,4.23,4.1,1.73,4.0,4.2,1.75,4.0,4.2,37,1.78,1.75,4.33,4.05,4.5,4.1,32,1.55,1.51,2.6,2.47,19,-0.75,2.0,1.95,1.95,1.88,1.74,4.38,4.29
133,B1,02/12/2018,Anderlecht,Genk,0,1,A,0,0,D,10,6,4,2,21.0,24.0,3,1,4,2,0,0,3.1,3.5,2.2,3.1,3.75,2.2,3.15,3.55,2.1,3.33,3.65,2.16,3.2,3.6,2.1,3.25,3.75,2.05,38,3.33,3.13,3.8,3.58,2.23,2.13,33,1.65,1.62,2.3,2.24,20,0.25,2.06,1.98,1.9,1.84,3.45,3.77,2.1
134,B1,02/12/2018,Club Brugge,Standard,3,0,H,3,0,H,11,3,8,1,15.0,21.0,5,5,2,4,0,1,1.66,3.8,5.0,1.72,4.0,4.75,1.7,3.9,4.25,1.75,4.06,4.45,1.7,3.9,4.4,1.7,4.0,4.5,38,1.76,1.71,4.2,3.95,5.0,4.38,33,1.62,1.58,2.4,2.3,20,-0.75,1.96,1.91,1.96,1.91,1.76,3.81,4.85
135,B1,02/12/2018,Eupen,Waasland-Beveren,1,0,H,1,0,H,16,8,6,6,14.0,20.0,8,5,2,3,0,0,1.61,4.2,4.75,1.65,4.1,5.25,1.57,4.0,5.1,1.62,4.1,5.41,1.6,3.9,5.25,1.6,4.1,5.25,37,1.66,1.61,4.2,4.03,5.5,5.14,32,1.75,1.69,2.2,2.11,22,-1.0,2.11,2.04,1.9,1.78,1.75,3.77,5.06
136,B1,07/12/2018,Waasland-Beveren,Club Brugge,2,1,H,0,0,D,9,10,4,6,14.0,14.0,7,4,2,4,0,1,7.0,5.0,1.36,7.5,5.0,1.42,6.6,4.8,1.4,7.0,5.16,1.42,8.0,4.8,1.36,8.0,5.0,1.36,37,8.0,7.09,5.16,4.88,1.43,1.39,30,1.66,1.55,2.5,2.39,22,1.5,1.8,1.75,2.16,2.09,7.13,4.94,1.43
137,B1,08/12/2018,Genk,Kortrijk,1,1,D,1,1,D,19,8,6,4,8.0,20.0,4,2,2,5,0,0,1.2,7.0,11.0,1.26,6.5,10.5,1.25,5.8,9.1,1.25,6.15,10.82,1.24,5.8,11.0,1.25,6.25,10.0,37,1.3,1.25,7.0,6.08,11.0,10.02,31,1.4,1.36,3.2,3.01,22,-1.5,1.77,1.72,2.25,2.14,1.29,5.87,10.24
138,B1,08/12/2018,Mouscron,Waregem,0,0,D,0,0,D,1,9,0,4,22.0,17.0,5,5,2,1,1,0,2.7,3.4,2.5,2.65,3.6,2.6,2.5,3.5,2.55,2.6,3.73,2.6,2.55,3.6,2.5,2.6,3.6,2.5,37,2.85,2.61,3.73,3.54,2.64,2.52,32,1.7,1.66,2.25,2.16,20,0.0,2.05,1.93,1.96,1.89,2.8,3.77,2.44
139,B1,08/12/2018,Oostende,Lokeren,1,0,H,0,0,D,5,8,5,2,17.0,12.0,1,4,1,2,0,0,1.8,3.8,4.0,1.85,4.0,4.0,1.8,3.65,3.95,1.85,3.74,4.25,1.8,3.7,4.0,1.83,3.8,4.0,37,1.88,1.82,4.0,3.74,4.25,4.06,32,1.7,1.66,2.25,2.16,20,-0.75,2.14,2.07,1.81,1.77,1.77,3.8,4.83
140,B1,08/12/2018,St Truiden,Standard,1,1,D,1,0,H,15,14,8,6,15.0,15.0,3,13,3,1,0,0,2.3,3.4,3.0,2.45,3.5,2.85,2.4,3.4,2.7,2.48,3.58,2.82,2.4,3.4,2.8,2.4,3.5,2.8,37,2.5,2.43,3.6,3.45,3.0,2.76,35,1.8,1.73,2.14,2.07,20,0.0,1.85,1.79,2.13,2.05,2.57,3.47,2.83
141,B1,09/12/2018,Anderlecht,Charleroi,1,1,D,0,0,D,12,7,6,4,19.0,11.0,6,3,4,2,0,0,1.83,3.75,4.0,1.9,3.9,3.9,1.83,3.6,3.95,1.9,3.66,4.16,1.85,3.7,3.9,1.87,3.7,3.9,36,1.93,1.87,3.9,3.66,4.2,3.94,33,1.81,1.77,2.13,2.02,19,-0.75,2.23,2.13,1.8,1.72,1.83,3.64,4.69
142,B1,09/12/2018,Cercle Brugge,Antwerp,0,3,A,0,2,A,8,7,4,5,17.0,21.0,6,6,4,4,0,0,3.6,3.5,2.0,3.9,3.5,2.0,3.65,3.4,1.95,3.83,3.54,2.02,3.7,3.4,2.0,3.6,3.5,2.0,35,3.9,3.69,3.6,3.47,2.05,1.99,32,1.96,1.87,1.97,1.91,18,0.5,1.88,1.83,2.09,2.0,3.44,3.48,2.2
143,B1,09/12/2018,Gent,Eupen,2,0,H,1,0,H,13,9,6,4,20.0,13.0,7,6,2,3,0,1,1.44,4.2,7.5,1.48,4.75,6.5,1.45,4.35,6.1,1.47,4.63,6.7,1.44,4.5,6.5,1.45,4.6,6.5,36,1.5,1.46,4.75,4.5,7.5,6.38,32,1.65,1.59,2.4,2.3,20,-1.0,1.79,1.74,2.17,2.1,1.42,4.9,7.64
144,B1,14/12/2018,Charleroi,Gent,2,0,H,0,0,D,6,7,4,4,12.0,14.0,1,4,2,4,0,0,2.8,3.4,2.4,2.85,3.5,2.5,2.8,3.35,2.35,2.93,3.44,2.51,2.8,3.3,2.45,2.8,3.4,2.45,35,2.95,2.83,3.55,3.34,2.55,2.45,32,1.82,1.75,2.15,2.05,19,0.0,2.12,2.06,1.83,1.78,2.79,3.28,2.72
145,B1,15/12/2018,Antwerp,Waasland-Beveren,0,2,A,0,0,D,13,4,3,3,10.0,21.0,13,6,4,4,0,0,1.36,5.0,7.5,1.35,5.0,9.75,1.35,4.75,8.1,1.35,5.11,9.61,1.32,4.8,9.5,1.33,5.0,9.0,34,1.39,1.34,5.11,4.86,9.75,8.65,33,1.74,1.69,2.2,2.13,21,-1.5,2.13,2.05,1.85,1.78,1.45,4.15,9.3
146,B1,15/12/2018,Eupen,Mouscron,1,0,H,0,0,D,6,10,6,3,16.0,21.0,4,1,1,4,0,0,2.04,3.5,3.4,2.05,3.7,3.6,2.0,3.45,3.4,2.07,3.56,3.64,2.05,3.4,3.5,2.05,3.5,3.5,35,2.11,2.03,3.7,3.48,3.85,3.51,33,1.81,1.76,2.13,2.03,19,-0.5,2.12,2.04,1.85,1.8,2.0,3.44,4.13
147,B1,15/12/2018,Kortrijk,Club Brugge,0,0,D,0,0,D,8,10,3,7,14.0,18.0,6,5,5,3,0,0,3.3,4.0,2.0,3.6,3.6,2.05,3.35,3.55,2.0,3.56,3.58,2.09,3.4,3.6,2.0,3.4,3.8,2.0,35,3.8,3.45,4.0,3.59,2.09,2.02,30,1.64,1.6,2.34,2.28,19,0.5,1.86,1.81,2.08,2.03,4.33,3.85,1.84
148,B1,15/12/2018,Lokeren,St Truiden,2,0,H,1,0,H,9,8,5,6,16.0,7.0,4,7,2,1,0,0,3.6,3.5,2.0,3.7,3.7,2.0,3.4,3.5,2.0,3.59,3.7,2.04,3.5,3.5,2.0,3.4,3.5,2.1,34,3.7,3.48,3.7,3.54,2.1,2.03,33,1.78,1.74,2.19,2.05,19,0.5,1.85,1.79,2.11,2.04,3.82,4.01,1.92
149,B1,16/12/2018,Cercle Brugge,Anderlecht,2,1,H,1,1,D,14,4,7,1,19.0,17.0,11,2,4,4,1,0,3.8,3.8,1.85,4.0,3.9,1.87,3.85,3.8,1.8,3.94,4.13,1.83,4.0,3.9,1.78,4.1,3.8,1.8,35,4.1,3.87,4.13,3.85,1.92,1.82,32,1.73,1.68,2.25,2.14,18,0.75,1.83,1.77,2.13,2.06,4.27,4.01,1.81
150,B1,16/12/2018,Genk,Oostende,2,0,H,1,0,H,22,3,10,2,6.0,12.0,13,3,0,2,0,0,1.2,6.5,13.0,1.2,7.25,14.0,1.2,6.3,11.5,1.21,6.7,12.71,1.2,6.5,12.0,1.2,6.5,13.0,35,1.24,1.2,7.5,6.49,14.0,12.04,28,1.41,1.39,3.0,2.84,20,-2.0,2.09,2.0,1.9,1.82,1.18,7.65,14.68
151,B1,16/12/2018,Standard,Waregem,4,1,H,2,0,H,11,6,9,3,12.0,10.0,8,1,1,5,0,1,1.85,4.0,3.6,1.85,4.0,4.0,1.83,3.75,3.75,1.88,3.89,3.98,1.83,3.75,3.9,1.83,3.9,3.9,35,1.89,1.84,4.0,3.78,4.0,3.84,30,1.63,1.6,2.34,2.28,17,-0.75,2.16,2.08,1.82,1.75,1.57,4.88,5.11
152,B1,21/12/2018,Gent,Cercle Brugge,4,1,H,2,0,H,17,13,9,4,8.0,13.0,5,4,0,3,0,0,1.33,5.25,8.0,1.36,5.5,8.0,1.35,5.0,7.2,1.36,5.44,8.08,1.33,5.25,7.5,1.33,5.25,8.0,36,1.4,1.36,5.55,5.13,8.08,7.66,34,1.5,1.46,2.75,2.6,23,-1.5,2.08,2.0,1.92,1.83,1.39,5.18,7.75
153,B1,22/12/2018,Mouscron,Anderlecht,3,1,H,2,0,H,13,7,7,4,17.0,13.0,4,3,3,3,0,0,4.33,3.8,1.75,4.6,3.6,1.8,4.2,3.55,1.77,4.72,3.48,1.85,4.5,3.6,1.75,4.2,3.75,1.8,34,4.72,4.39,3.8,3.55,1.86,1.8,32,1.81,1.74,2.19,2.06,19,0.75,1.86,1.8,2.1,2.03,4.13,3.5,1.98
154,B1,22/12/2018,St Truiden,Kortrijk,0,0,D,0,0,D,10,7,2,6,12.0,16.0,3,3,1,1,0,0,1.9,3.6,3.75,1.91,3.7,3.9,1.9,3.55,3.65,1.98,3.67,3.81,1.91,3.6,3.7,1.95,3.6,3.7,35,2.03,1.94,3.7,3.57,3.9,3.71,33,1.85,1.76,2.14,2.02,19,-0.5,2.0,1.94,1.95,1.88,2.16,3.79,3.28
155,B1,22/12/2018,Standard,Oostende,3,1,H,3,0,H,10,9,6,4,10.0,15.0,9,8,2,1,0,0,1.36,5.0,7.5,1.4,5.0,7.5,1.38,4.8,6.8,1.4,5.11,7.07,1.36,4.8,8.0,1.36,5.0,8.0,35,1.44,1.38,5.2,4.92,8.0,7.1,32,1.6,1.57,2.51,2.34,21,-1.5,2.17,2.08,1.81,1.76,1.37,5.45,7.66
156,B1,22/12/2018,Waasland-Beveren,Lokeren,2,1,H,1,0,H,8,6,5,4,15.0,16.0,5,5,1,1,0,0,2.0,3.4,3.75,2.1,3.6,3.4,2.1,3.4,3.2,2.19,3.55,3.34,2.1,3.4,3.3,2.1,3.5,3.4,34,2.2,2.12,3.6,3.46,3.75,3.29,32,1.88,1.81,2.04,1.98,18,-0.25,1.94,1.84,2.08,2.0,2.31,3.49,3.19
157,B1,23/12/2018,Club Brugge,Antwerp,5,1,H,2,0,H,8,6,6,2,,,3,2,1,5,0,0,1.61,4.0,5.0,1.67,4.1,4.75,1.6,4.0,4.8,1.64,4.24,5.07,1.62,4.0,5.0,1.62,4.0,5.0,34,1.73,1.63,4.24,4.06,5.07,4.87,31,1.72,1.66,2.26,2.17,19,-1.0,2.14,2.07,1.82,1.77,1.65,3.88,5.81
158,B1,23/12/2018,Eupen,Genk,0,2,A,0,2,A,9,8,3,4,,,7,7,1,1,0,0,6.5,5.0,1.4,7.0,5.25,1.4,6.4,4.7,1.41,6.85,4.93,1.43,7.0,4.75,1.4,7.0,5.0,1.4,35,7.0,6.68,5.25,4.82,1.52,1.41,32,1.57,1.52,2.55,2.45,21,1.5,1.77,1.72,2.22,2.12,6.05,5.02,1.48
159,B1,23/12/2018,Waregem,Charleroi,3,1,H,2,1,H,15,9,5,7,16.0,19.0,5,3,1,1,0,0,2.45,3.5,2.7,2.5,3.5,2.75,2.45,3.3,2.65,2.6,3.4,2.8,2.5,3.3,2.7,2.45,3.5,2.75,35,2.65,2.49,3.5,3.37,2.82,2.72,33,1.79,1.73,2.19,2.07,19,0.0,1.88,1.83,2.07,2.0,2.78,3.51,2.59
160,B1,26/12/2018,Antwerp,Mouscron,2,1,H,1,0,H,8,9,8,3,17.0,10.0,6,5,4,4,0,0,1.5,4.33,6.0,1.5,4.2,6.0,1.53,4.05,5.7,1.54,4.1,6.46,1.5,4.2,6.0,1.53,4.1,6.0,36,1.57,1.53,4.35,4.11,6.5,5.94,33,1.86,1.79,2.1,2.01,21,-1.0,1.98,1.92,1.95,1.9,1.7,3.63,5.73
161,B1,26/12/2018,Cercle Brugge,Eupen,0,1,A,0,1,A,7,8,4,2,30.0,19.0,1,0,4,3,0,0,2.25,3.5,3.0,2.25,3.5,2.95,2.25,3.4,2.9,2.35,3.6,2.99,2.3,3.4,2.9,2.38,3.5,2.8,37,2.38,2.3,3.7,3.49,3.05,2.93,35,1.81,1.74,2.15,2.06,20,-0.25,2.09,2.02,1.85,1.82,2.29,3.53,3.22
162,B1,26/12/2018,Charleroi,Standard,0,1,A,0,1,A,14,6,4,4,13.0,21.0,2,9,6,7,0,0,2.62,3.4,2.54,2.6,3.2,2.65,2.7,3.15,2.55,2.85,3.13,2.74,2.7,3.2,2.6,2.7,3.3,2.6,37,2.85,2.71,3.4,3.18,2.75,2.64,34,1.96,1.9,1.96,1.89,20,0.0,2.01,1.95,1.92,1.88,2.94,3.29,2.59
163,B1,26/12/2018,Genk,Gent,3,1,H,1,1,D,17,10,9,4,9.0,15.0,2,5,0,2,0,1,1.57,4.0,5.5,1.57,4.0,5.5,1.6,4.0,4.9,1.61,4.26,5.28,1.57,4.2,5.0,1.6,4.2,5.2,37,1.65,1.6,4.35,4.13,5.5,5.1,33,1.65,1.6,2.41,2.29,23,-1.0,2.07,2.01,1.87,1.82,1.6,4.57,5.15
164,B1,26/12/2018,Kortrijk,Waregem,4,2,H,0,1,A,11,10,8,6,14.0,21.0,6,6,3,2,0,0,2.0,3.6,3.5,2.0,3.6,3.4,2.05,3.55,3.25,2.09,3.65,3.5,2.0,3.6,3.4,2.0,3.8,3.4,37,2.1,2.03,3.8,3.65,3.65,3.38,33,1.65,1.61,2.38,2.27,20,-0.5,2.1,2.04,1.87,1.8,2.35,3.55,3.09
165,B1,26/12/2018,Oostende,St Truiden,1,1,D,1,1,D,10,3,5,3,19.0,9.0,3,4,3,4,0,0,2.9,3.5,2.3,2.8,3.5,2.35,2.8,3.45,2.3,2.92,3.59,2.4,2.8,3.5,2.35,2.8,3.5,2.38,37,2.92,2.83,3.65,3.49,2.43,2.35,34,1.81,1.73,2.16,2.08,20,0.25,1.83,1.79,2.11,2.05,2.78,3.71,2.49
166,B1,27/12/2018,Anderlecht,Waasland-Beveren,3,0,H,1,0,H,15,7,7,5,14.0,11.0,2,3,2,2,0,0,1.33,5.0,8.5,1.33,5.0,8.25,1.33,5.0,7.7,1.33,5.41,8.58,1.33,5.0,8.5,1.33,5.2,8.0,35,1.38,1.34,5.8,5.17,9.0,8.13,32,1.55,1.49,2.62,2.53,22,-1.5,2.06,1.97,1.9,1.85,1.42,4.74,7.93
167,B1,27/12/2018,Lokeren,Club Brugge,0,1,A,0,0,D,8,8,3,6,18.0,15.0,4,5,2,1,0,0,7.0,4.75,1.4,7.0,4.75,1.4,6.6,4.65,1.4,6.89,4.93,1.43,7.5,4.75,1.38,7.5,4.8,1.4,36,7.7,6.89,5.0,4.79,1.45,1.41,33,1.6,1.55,2.5,2.39,21,1.5,1.77,1.72,2.25,2.14,6.94,4.73,1.46
168,B1,18/01/2019,St Truiden,Genk,2,3,A,1,1,D,7,11,5,8,19.0,25.0,2,5,1,4,0,0,6.0,4.5,1.45,6.0,4.75,1.5,5.8,4.5,1.46,6.11,4.74,1.5,6.0,4.5,1.44,6.25,4.75,1.45,37,6.25,5.96,4.8,4.61,1.53,1.48,33,1.57,1.53,2.56,2.44,23,1.0,2.16,2.09,1.81,1.75,7.2,5.65,1.38
169,B1,19/01/2019,Eupen,Lokeren,4,1,H,2,0,H,14,7,11,4,10.0,12.0,7,8,1,1,0,0,1.85,3.8,3.8,1.9,3.75,3.9,1.87,3.5,3.85,1.93,3.55,4.18,1.85,3.4,4.2,1.87,3.6,4.0,36,1.94,1.89,3.8,3.53,4.2,3.97,34,1.94,1.85,2.0,1.93,20,-0.75,2.26,2.17,1.75,1.69,1.9,3.79,4.1
170,B1,19/01/2019,Standard,Kortrijk,2,1,H,0,1,A,19,8,8,4,21.0,15.0,10,3,2,3,0,0,1.45,4.5,6.5,1.5,4.5,6.25,1.48,4.45,5.5,1.5,4.9,5.63,1.44,4.6,6.0,1.5,4.4,6.0,36,1.54,1.49,4.9,4.56,6.5,5.77,33,1.6,1.55,2.59,2.4,23,-1.0,1.86,1.8,2.1,2.03,1.53,4.65,5.79
171,B1,19/01/2019,Waasland-Beveren,Cercle Brugge,1,1,D,0,0,D,11,16,3,10,15.0,20.0,4,5,0,1,1,0,2.4,3.4,2.8,2.4,3.5,2.9,2.35,3.3,2.8,2.46,3.49,2.9,2.4,3.4,2.8,2.5,3.4,2.75,35,2.5,2.42,3.5,3.4,2.9,2.83,33,1.88,1.82,2.03,1.96,19,-0.25,2.2,2.12,1.8,1.74,2.57,3.35,2.92
172,B1,19/01/2019,Waregem,Antwerp,1,2,A,0,1,A,11,7,3,7,15.0,23.0,10,4,0,3,0,0,2.62,3.4,2.6,2.6,3.5,2.6,2.5,3.4,2.6,2.63,3.53,2.67,2.55,3.4,2.6,2.55,3.5,2.63,34,2.66,2.58,3.55,3.44,2.7,2.62,33,1.78,1.72,2.16,2.09,20,0.0,1.94,1.89,2.01,1.93,2.6,3.31,2.9
173,B1,20/01/2019,Club Brugge,Charleroi,0,1,A,0,1,A,8,6,4,3,20.0,21.0,4,6,4,2,0,0,1.5,4.33,6.0,1.5,4.4,6.25,1.48,4.3,5.7,1.5,4.55,6.16,1.44,4.4,6.5,1.5,4.4,6.0,36,1.53,1.49,4.6,4.39,6.5,5.98,34,1.65,1.6,2.45,2.28,22,-1.0,1.85,1.82,2.09,2.01,1.5,4.17,7.54
174,B1,20/01/2019,Gent,Anderlecht,1,0,H,0,0,D,12,8,5,4,21.0,16.0,6,6,2,4,0,1,2.05,3.5,3.4,2.05,3.6,3.5,2.0,3.6,3.35,2.05,3.82,3.46,2.05,3.6,3.3,2.1,3.6,3.3,36,2.12,2.04,3.82,3.64,3.5,3.37,35,1.75,1.69,2.29,2.14,20,-0.5,2.13,2.04,1.85,1.78,2.06,3.71,3.6
175,B1,20/01/2019,Mouscron,Oostende,2,1,H,1,1,D,15,10,5,5,16.0,19.0,7,3,4,1,0,0,2.0,3.5,3.6,2.1,3.5,3.5,2.05,3.4,3.35,2.13,3.58,3.47,2.05,3.4,3.4,2.05,3.5,3.5,35,2.15,2.09,3.58,3.45,3.6,3.4,33,1.92,1.85,1.99,1.93,18,-0.25,1.87,1.81,2.12,2.04,2.13,3.58,3.53
176,B1,25/01/2019,Antwerp,Standard,1,1,D,0,0,D,8,12,4,3,16.0,23.0,1,3,4,3,1,0,2.7,3.25,2.6,2.7,3.3,2.7,2.65,3.2,2.55,2.71,3.34,2.76,2.6,3.25,2.62,2.63,3.4,2.6,37,2.79,2.68,3.4,3.28,2.77,2.63,35,1.98,1.93,1.93,1.86,21,0.0,1.99,1.92,1.99,1.9,2.73,3.2,2.84
177,B1,26/01/2019,Cercle Brugge,St Truiden,1,2,A,1,1,D,6,8,2,7,19.0,17.0,5,7,4,1,0,0,2.5,3.6,2.6,2.6,3.6,2.6,2.55,3.4,2.55,2.59,3.64,2.66,2.45,3.5,2.62,2.55,3.5,2.63,35,2.7,2.55,3.64,3.48,2.75,2.61,34,1.81,1.74,2.14,2.06,20,-0.25,2.3,2.2,1.74,1.68,2.27,3.73,3.09
178,B1,26/01/2019,Charleroi,Waasland-Beveren,2,2,D,1,2,A,19,5,10,2,14.0,20.0,9,0,2,4,1,0,1.36,4.75,8.0,1.42,5.0,7.0,1.36,4.65,7.6,1.37,5.08,8.11,1.35,4.8,8.0,1.36,4.8,8.5,35,1.42,1.38,5.1,4.77,8.5,7.71,34,1.8,1.75,2.19,2.05,22,-1.5,2.25,2.13,1.8,1.72,1.56,4.03,6.74
179,B1,26/01/2019,Genk,Mouscron,1,2,A,0,1,A,8,9,2,3,11.0,22.0,12,3,1,6,0,0,1.14,8.0,15.0,1.18,7.5,14.5,1.2,6.5,12.0,1.18,7.17,15.21,1.17,7.0,15.0,1.17,7.5,15.0,35,1.23,1.18,8.0,7.11,16.0,13.94,34,1.41,1.38,3.0,2.92,23,-2.0,1.96,1.89,2.02,1.93,1.2,7.33,13.48
180,B1,26/01/2019,Lokeren,Waregem,0,3,A,0,2,A,6,8,4,6,17.0,18.0,1,3,3,3,0,0,2.8,3.6,2.3,2.95,3.6,2.3,2.95,3.4,2.25,3.0,3.5,2.39,2.9,3.4,2.3,2.9,3.6,2.3,35,3.15,2.93,3.6,3.46,2.39,2.3,33,1.79,1.73,2.19,2.07,20,0.25,1.88,1.82,2.07,2.0,2.98,3.64,2.37
181,B1,27/01/2019,Anderlecht,Eupen,2,1,H,0,1,A,16,3,10,2,19.0,12.0,4,5,1,1,0,0,1.44,4.5,6.5,1.45,4.75,6.75,1.45,4.35,6.2,1.48,4.53,6.62,1.44,4.33,7.0,1.45,4.5,6.5,35,1.52,1.46,4.75,4.4,7.0,6.42,32,1.71,1.67,2.26,2.16,21,-1.0,1.83,1.78,2.15,2.06,1.63,3.86,6.01
182,B1,27/01/2019,Kortrijk,Gent,1,2,A,1,1,D,9,10,5,5,18.0,19.0,11,2,3,2,0,0,3.0,3.75,2.15,2.9,3.7,2.3,2.85,3.55,2.25,2.9,3.85,2.31,2.88,3.7,2.2,3.0,3.7,2.2,35,3.15,2.89,3.85,3.65,2.33,2.25,32,1.66,1.61,2.34,2.27,20,0.25,1.93,1.85,2.09,1.97,2.63,3.67,2.64
183,B1,27/01/2019,Oostende,Club Brugge,1,2,A,1,0,H,4,14,2,6,22.0,24.0,3,7,3,5,0,1,6.0,4.33,1.5,6.0,4.25,1.55,5.5,4.2,1.5,5.86,4.44,1.54,6.0,4.2,1.5,6.0,4.33,1.5,35,6.25,5.74,4.6,4.27,1.56,1.52,32,1.66,1.63,2.41,2.23,23,1.0,2.05,1.95,1.94,1.87,6.33,4.53,1.51
184,B1,01/02/2019,Mouscron,Charleroi,3,0,H,1,0,H,12,7,7,5,19.0,17.0,6,2,1,2,0,0,2.5,3.3,2.75,2.65,3.4,2.75,2.5,3.15,2.7,2.56,3.33,2.94,2.45,3.2,2.88,2.5,3.3,2.8,31,2.7,2.54,3.4,3.23,2.94,2.78,33,2.11,2.01,1.83,1.77,20,0.0,1.9,1.82,2.09,2.0,2.55,3.47,2.85
185,B1,02/02/2019,Kortrijk,Lokeren,2,1,H,1,0,H,11,5,5,3,21.0,19.0,10,4,2,1,0,0,1.57,4.2,5.25,1.65,4.1,5.25,1.6,4.05,4.95,1.62,4.18,5.28,1.6,4.0,5.25,1.6,4.1,5.25,33,1.65,1.61,4.25,4.09,5.3,5.07,30,1.7,1.66,2.25,2.17,22,-1.0,2.11,2.04,1.85,1.79,1.83,3.6,4.8
186,B1,02/02/2019,Oostende,Antwerp,0,2,A,0,1,A,8,18,4,7,16.0,22.0,5,5,3,4,0,0,3.8,3.6,1.9,3.9,3.7,1.95,3.75,3.5,1.9,3.83,3.72,1.96,3.7,3.6,1.91,3.8,3.6,1.93,34,3.91,3.74,3.75,3.57,1.98,1.93,31,1.96,1.87,1.95,1.91,19,0.25,2.28,2.18,1.72,1.68,3.49,3.48,2.19
187,B1,02/02/2019,Waasland-Beveren,Genk,1,2,A,1,0,H,8,18,5,9,17.0,13.0,2,11,4,1,0,0,10.0,6.0,1.25,10.0,6.0,1.3,8.4,5.4,1.28,9.23,5.67,1.3,10.0,5.5,1.27,10.0,5.75,1.29,33,10.5,9.21,6.0,5.57,1.33,1.29,30,1.5,1.45,2.75,2.66,22,1.5,2.11,2.0,1.87,1.81,9.64,5.86,1.3
188,B1,02/02/2019,Waregem,Cercle Brugge,3,2,H,2,1,H,7,15,5,10,11.0,20.0,4,4,0,4,0,1,1.8,4.0,3.8,1.78,4.1,4.25,1.75,3.9,3.95,1.79,4.15,4.13,1.75,4.0,4.0,1.75,4.0,4.1,34,1.85,1.77,4.15,3.97,4.25,4.02,31,1.57,1.54,2.55,2.42,20,-1.0,2.43,2.35,1.65,1.59,1.68,4.52,4.54
189,B1,03/02/2019,Club Brugge,Gent,1,1,D,0,1,A,14,8,9,4,19.0,21.0,10,9,3,5,1,1,1.75,3.75,4.5,1.75,4.0,4.5,1.73,3.85,4.1,1.74,4.17,4.38,1.7,4.0,4.33,1.73,4.0,4.33,33,1.82,1.74,4.17,3.95,4.5,4.27,31,1.6,1.57,2.45,2.35,20,-1.0,2.37,2.28,1.66,1.62,1.79,3.93,4.53
190,B1,03/02/2019,St Truiden,Eupen,4,1,H,2,1,H,14,9,5,3,12.0,20.0,4,9,2,3,0,0,2.0,3.6,3.5,2.05,3.6,3.7,1.97,3.5,3.45,2.04,3.69,3.59,2.0,3.5,3.5,2.0,3.6,3.5,33,2.08,2.01,3.7,3.57,3.7,3.51,31,1.82,1.76,2.1,2.02,19,-0.5,2.05,1.99,1.88,1.83,1.99,3.77,3.77
191,B1,03/02/2019,Standard,Anderlecht,2,1,H,1,1,D,13,6,8,5,21.0,21.0,1,2,4,2,0,0,1.9,3.8,3.75,1.95,3.7,3.9,1.93,3.5,3.6,1.99,3.56,3.92,1.95,3.4,3.75,1.95,3.6,3.7,33,2.03,1.95,3.8,3.54,4.0,3.72,31,1.85,1.78,2.08,2.01,19,-0.5,2.04,1.95,1.95,1.86,2.3,3.44,3.26
192,B1,08/02/2019,Genk,Standard,2,0,H,0,0,D,18,9,11,1,13.0,12.0,5,3,1,3,0,0,1.57,4.2,5.25,1.65,4.2,5.0,1.6,4.1,4.85,1.65,4.19,5.19,1.6,4.2,5.0,1.62,4.3,4.8,35,1.67,1.61,4.35,4.17,5.5,5.02,32,1.6,1.55,2.55,2.41,23,-1.0,2.11,2.03,1.87,1.79,1.63,4.32,5.26
193,B1,09/02/2019,Charleroi,Oostende,1,1,D,0,0,D,20,7,7,4,15.0,24.0,10,1,1,4,0,0,1.65,4.33,4.5,1.67,4.0,5.0,1.67,3.8,4.65,1.74,3.97,4.64,1.67,3.8,4.8,1.67,3.9,5.0,34,1.77,1.69,4.33,3.88,5.0,4.66,32,1.85,1.79,2.05,2.0,21,-1.0,2.33,2.22,1.7,1.66,1.72,3.94,4.98
194,B1,09/02/2019,Eupen,Kortrijk,0,1,A,0,1,A,7,7,2,4,10.0,17.0,6,7,1,1,0,0,2.4,3.5,2.8,2.45,3.3,2.95,2.35,3.3,2.8,2.45,3.55,2.88,2.4,3.3,2.88,2.45,3.4,2.8,35,2.51,2.42,3.55,3.37,2.95,2.84,33,1.86,1.8,2.05,1.98,20,0.0,1.83,1.77,2.12,2.06,2.31,3.43,3.26
195,B1,09/02/2019,Lokeren,Antwerp,2,1,H,1,0,H,10,14,7,8,12.0,21.0,3,7,3,0,0,0,4.5,3.75,1.72,4.6,3.9,1.75,4.4,3.7,1.73,4.52,3.9,1.77,4.5,3.75,1.73,4.5,3.75,1.75,33,4.6,4.47,4.0,3.78,1.78,1.74,31,1.9,1.84,2.04,1.95,18,0.75,1.9,1.85,2.04,1.97,5.15,4.23,1.65
196,B1,09/02/2019,St Truiden,Waasland-Beveren,2,1,H,1,1,D,13,4,6,3,17.0,14.0,7,5,0,2,0,0,1.55,4.0,5.75,1.65,4.0,5.25,1.63,3.85,4.9,1.63,4.31,5.03,1.57,4.2,5.25,1.6,4.0,5.4,34,1.66,1.62,4.31,4.03,5.75,5.1,32,1.85,1.77,2.11,2.03,22,-1.0,2.16,2.08,1.8,1.75,1.53,4.7,5.73
197,B1,10/02/2019,Anderlecht,Waregem,0,0,D,0,0,D,9,6,4,3,14.0,21.0,6,6,1,2,0,0,1.6,4.2,5.25,1.65,4.2,4.75,1.63,4.0,4.55,1.67,4.2,4.84,1.62,4.0,5.0,1.62,4.2,5.0,34,1.7,1.64,4.25,4.06,5.25,4.74,32,1.6,1.55,2.5,2.4,20,-1.0,2.16,2.09,1.8,1.74,1.56,4.5,5.64
198,B1,10/02/2019,Cercle Brugge,Club Brugge,2,2,D,1,2,A,3,12,2,7,21.0,17.0,2,10,4,4,1,0,5.75,4.75,1.45,5.75,4.5,1.53,5.5,4.4,1.5,5.53,4.77,1.52,5.8,4.6,1.47,6.0,4.4,1.5,34,6.0,5.64,4.85,4.53,1.54,1.5,32,1.6,1.55,2.51,2.38,22,1.0,2.06,2.01,1.86,1.81,5.87,5.54,1.45
199,B1,10/02/2019,Gent,Mouscron,1,2,A,0,1,A,11,12,10,5,15.0,25.0,9,4,0,5,0,1,1.5,4.33,6.0,1.57,4.0,6.0,1.57,3.9,5.3,1.61,3.75,6.36,1.55,3.9,6.0,1.6,4.1,5.25,34,1.63,1.57,4.33,3.93,6.5,5.78,33,1.77,1.72,2.25,2.09,21,-1.0,2.09,2.01,1.89,1.81,1.46,4.58,7.4
200,B1,15/02/2019,Standard,Lokeren,3,1,H,2,0,H,14,13,13,9,10.0,8.0,9,5,0,0,0,0,1.36,5.0,7.5,1.34,5.25,9.5,1.33,4.9,7.9,1.32,5.34,10.41,1.3,5.0,9.5,1.33,5.2,8.5,32,1.38,1.32,5.7,5.17,11.0,8.94,29,1.62,1.57,2.5,2.34,19,-1.5,2.04,1.95,1.92,1.85,1.34,5.0,10.4
201,B1,16/02/2019,Kortrijk,Charleroi,1,2,A,0,0,D,9,8,5,7,20.0,17.0,7,1,6,2,0,0,2.2,3.3,3.25,2.25,3.3,3.3,2.15,3.3,3.15,2.21,3.55,3.3,2.15,3.4,3.2,2.2,3.4,3.2,31,2.25,2.2,3.55,3.37,3.33,3.2,29,1.96,1.88,1.95,1.88,15,-0.25,1.96,1.9,1.97,1.91,2.38,3.53,3.05
202,B1,16/02/2019,Oostende,Eupen,1,1,D,1,0,H,12,9,7,4,27.0,18.0,4,5,2,2,0,1,2.3,3.4,3.0,2.4,3.3,3.0,2.3,3.35,2.9,2.39,3.49,3.02,2.3,3.4,2.9,2.38,3.4,2.88,31,2.4,2.34,3.51,3.37,3.02,2.92,29,1.94,1.86,2.0,1.91,15,-0.25,2.12,2.03,1.85,1.79,2.57,3.43,2.86
203,B1,16/02/2019,Waasland-Beveren,Gent,2,1,H,1,0,H,9,17,3,11,18.0,26.0,2,6,5,3,1,0,5.25,4.0,1.6,5.25,4.1,1.62,4.9,3.9,1.6,4.94,4.52,1.61,5.0,4.2,1.57,5.25,4.0,1.62,30,5.25,5.0,4.52,4.07,1.67,1.62,28,1.9,1.82,2.04,1.96,17,1.0,1.8,1.74,2.16,2.1,5.29,5.03,1.54
204,B1,16/02/2019,Waregem,St Truiden,1,1,D,0,0,D,14,7,9,3,18.0,15.0,7,5,3,1,0,0,2.05,3.5,3.4,2.05,3.8,3.3,2.05,3.55,3.15,2.13,3.83,3.25,2.05,3.7,3.2,2.1,3.7,3.2,31,2.15,2.08,3.83,3.65,3.4,3.23,29,1.7,1.64,2.27,2.21,15,-0.25,1.92,1.84,2.02,1.97,2.06,3.96,3.4
205,B1,17/02/2019,Antwerp,Anderlecht,0,1,A,0,0,D,7,3,2,2,24.0,20.0,6,7,4,1,0,0,2.7,3.4,2.5,2.65,3.5,2.6,2.55,3.3,2.6,2.64,3.49,2.69,2.5,3.3,2.7,2.6,3.4,2.63,30,2.7,2.6,3.5,3.33,2.72,2.64,28,2.0,1.94,1.9,1.84,15,0.0,1.95,1.89,2.0,1.92,2.47,3.53,2.92
206,B1,17/02/2019,Club Brugge,Genk,3,1,H,2,0,H,8,6,6,6,25.0,23.0,5,4,0,0,0,0,2.37,3.4,2.87,2.5,3.6,2.7,2.4,3.45,2.7,2.5,3.61,2.78,2.4,3.5,2.7,2.4,3.6,2.75,31,2.51,2.44,3.61,3.48,2.87,2.72,30,1.75,1.7,2.2,2.11,15,0.0,1.85,1.8,2.08,2.02,2.27,3.51,3.27
207,B1,17/02/2019,Mouscron,Cercle Brugge,3,0,H,0,0,D,13,3,6,3,16.0,17.0,1,3,2,3,0,0,1.8,3.75,4.2,1.78,3.7,4.6,1.75,3.7,4.25,1.79,4.0,4.31,1.75,3.8,4.2,1.75,3.75,4.4,31,1.8,1.77,4.0,3.74,4.6,4.3,29,1.86,1.81,2.05,1.97,15,-0.75,2.08,1.99,1.88,1.82,1.85,4.08,4.01
208,B1,22/02/2019,Gent,Standard,2,1,H,2,0,H,14,9,8,5,18.0,13.0,3,4,2,5,0,0,2.25,3.5,3.1,2.25,3.6,3.1,2.2,3.5,2.9,2.26,3.84,3.05,2.2,3.6,3.0,2.25,3.6,3.0,35,2.31,2.23,3.84,3.6,3.1,2.99,32,1.67,1.62,2.45,2.26,19,-0.25,2.03,1.95,1.92,1.87,2.23,3.9,3.06
209,B1,23/02/2019,Cercle Brugge,Oostende,2,2,D,0,0,D,13,13,6,6,15.0,14.0,9,1,1,2,0,1,2.1,3.5,3.25,2.1,3.5,3.5,2.05,3.4,3.35,2.14,3.43,3.57,2.05,3.5,3.4,2.1,3.5,3.4,34,2.16,2.09,3.6,3.43,3.57,3.41,32,1.8,1.75,2.13,2.04,18,-0.25,1.85,1.81,2.08,2.01,2.24,3.5,3.34
210,B1,23/02/2019,Eupen,Waregem,2,3,A,1,1,D,11,20,5,9,25.0,15.0,7,9,3,3,0,1,2.45,3.75,2.6,2.55,3.6,2.6,2.45,3.5,2.6,2.55,3.74,2.65,2.45,3.6,2.6,2.5,3.6,2.63,33,2.55,2.5,3.75,3.56,2.7,2.63,31,1.7,1.64,2.3,2.2,18,0.0,1.9,1.85,2.02,1.97,2.29,3.86,2.97
211,B1,23/02/2019,Mouscron,Lokeren,1,0,H,0,0,D,9,6,2,3,16.0,14.0,10,2,2,0,0,0,1.61,3.75,5.75,1.67,3.8,5.25,1.65,3.75,4.85,1.68,3.97,5.1,1.65,3.8,5.0,1.65,3.9,5.0,34,1.71,1.67,3.97,3.81,5.75,5.0,32,1.87,1.79,2.08,2.0,20,-1.0,2.23,2.16,1.75,1.69,1.63,4.15,5.49
212,B1,23/02/2019,Waasland-Beveren,Kortrijk,2,6,A,0,2,A,4,13,2,9,19.0,19.0,5,4,0,4,0,0,3.6,3.5,2.0,3.5,3.5,2.1,3.35,3.4,2.05,3.46,3.57,2.13,3.4,3.5,2.05,3.4,3.5,2.1,33,3.6,3.41,3.6,3.46,2.15,2.09,31,1.91,1.82,2.06,1.97,17,0.25,2.07,2.01,1.85,1.81,4.04,3.58,1.97
213,B1,24/02/2019,Anderlecht,Club Brugge,2,2,D,1,1,D,13,8,9,5,15.0,16.0,7,4,1,3,0,0,2.8,3.4,2.4,2.75,3.6,2.45,2.75,3.3,2.45,2.79,3.51,2.54,2.75,3.4,2.4,2.88,3.4,2.4,33,2.88,2.77,3.6,3.4,2.57,2.46,31,1.88,1.82,2.02,1.96,18,0.0,2.11,2.03,1.85,1.8,3.12,3.57,2.32
214,B1,24/02/2019,Genk,Antwerp,0,0,D,0,0,D,14,7,7,3,15.0,17.0,10,2,2,5,0,0,1.61,4.0,5.0,1.6,3.9,5.75,1.6,3.8,5.3,1.67,3.68,5.79,1.6,3.8,5.5,1.6,4.0,5.4,33,1.67,1.62,4.05,3.82,6.1,5.42,31,1.84,1.77,2.1,2.01,18,-1.0,2.21,2.11,1.85,1.73,1.77,3.56,5.3
215,B1,24/02/2019,St Truiden,Charleroi,3,1,H,2,1,H,11,11,6,5,10.0,23.0,4,8,0,2,0,0,2.2,3.5,3.1,2.25,3.4,3.2,2.15,3.3,3.15,2.22,3.51,3.32,2.15,3.4,3.2,2.2,3.4,3.2,33,2.36,2.22,3.51,3.37,3.32,3.17,31,1.95,1.9,1.95,1.87,17,-0.25,1.97,1.91,1.97,1.92,2.38,3.63,2.98
216,B1,01/03/2019,Standard,Mouscron,1,1,D,0,0,D,11,12,8,7,16.0,19.0,7,3,2,3,0,0,1.57,4.2,5.25,1.65,4.1,5.25,1.6,3.9,4.95,1.64,4.03,5.57,1.57,3.9,5.5,1.6,4.1,5.25,33,1.66,1.62,4.2,3.97,5.58,5.2,30,1.71,1.68,2.25,2.15,19,-1.0,2.18,2.06,1.85,1.78,1.58,4.01,6.43
217,B1,02/03/2019,Charleroi,Genk,1,1,D,0,1,A,9,11,6,4,18.0,22.0,4,8,3,1,0,0,3.75,3.6,1.9,4.0,3.8,1.87,3.8,3.6,1.85,4.04,3.77,1.89,3.8,3.6,1.88,3.8,3.7,1.91,33,4.05,3.89,3.8,3.66,1.96,1.89,32,1.8,1.73,2.16,2.08,19,0.5,2.0,1.93,1.97,1.89,4.01,3.79,1.92
218,B1,02/03/2019,Club Brugge,St Truiden,1,0,H,0,0,D,11,8,7,0,17.0,19.0,9,4,2,6,0,0,1.33,5.25,8.0,1.34,5.5,8.25,1.36,4.8,7.2,1.36,5.14,8.14,1.33,5.0,8.5,1.33,5.2,8.5,34,1.41,1.36,5.5,4.99,8.5,7.91,31,1.6,1.54,2.55,2.41,21,-1.5,2.07,2.01,1.87,1.81,1.36,5.38,8.09
219,B1,02/03/2019,Kortrijk,Cercle Brugge,2,1,H,0,1,A,14,14,7,3,15.0,18.0,8,6,3,2,0,0,1.6,4.2,5.0,1.62,4.33,5.0,1.63,4.05,4.7,1.65,4.41,4.76,1.6,4.2,4.8,1.62,4.2,5.0,34,1.67,1.63,4.41,4.17,5.0,4.78,31,1.65,1.6,2.4,2.3,21,-1.0,2.19,2.1,1.8,1.74,1.66,4.39,4.84
220,B1,02/03/2019,Oostende,Waasland-Beveren,1,1,D,0,0,D,13,19,7,9,18.0,9.0,8,7,3,0,0,0,1.75,3.8,4.33,1.78,3.9,4.4,1.75,3.7,4.15,1.8,3.95,4.28,1.75,3.75,4.33,1.75,3.8,4.33,33,1.82,1.78,4.0,3.81,4.4,4.25,32,1.76,1.71,2.2,2.11,18,-1.0,2.49,2.41,1.6,1.56,1.85,3.43,4.94
221,B1,03/03/2019,Antwerp,Eupen,2,1,H,0,0,D,14,6,7,5,20.0,21.0,7,4,4,2,0,0,1.55,4.0,5.75,1.55,4.1,6.25,1.57,3.8,5.6,1.58,3.9,6.29,1.55,3.75,6.5,1.57,3.9,6.0,31,1.62,1.57,4.1,3.86,6.5,6.03,29,2.0,1.93,1.91,1.86,19,-1.0,2.05,2.01,1.87,1.81,1.43,4.75,7.51
222,B1,03/03/2019,Lokeren,Anderlecht,1,2,A,0,1,A,6,7,4,4,16.0,14.0,8,11,1,3,0,0,5.25,4.2,1.57,5.75,4.1,1.57,5.2,3.95,1.57,5.64,4.16,1.59,5.5,4.0,1.57,5.4,4.1,1.6,31,5.75,5.42,4.2,4.07,1.63,1.58,30,1.8,1.73,2.16,2.08,19,1.0,1.87,1.82,2.11,2.01,5.57,4.32,1.6
223,B1,03/03/2019,Waregem,Gent,1,3,A,1,1,D,13,13,5,6,21.0,21.0,3,3,1,2,0,0,3.3,3.8,2.0,3.6,3.8,1.95,3.35,3.7,1.95,3.45,4.01,2.0,3.4,3.8,1.95,3.4,3.8,2.0,33,3.6,3.4,4.01,3.78,2.06,1.99,31,1.6,1.53,2.6,2.46,18,0.5,1.88,1.83,2.04,1.99,3.32,4.03,2.07
224,B1,10/03/2019,Anderlecht,Kortrijk,2,0,H,1,0,H,9,5,4,5,16.0,19.0,8,5,0,2,0,0,1.6,4.33,4.75,1.62,4.33,5.0,1.6,4.05,4.85,1.65,4.18,5.06,1.6,4.2,5.0,1.6,4.1,5.0,33,1.65,1.61,4.35,4.14,5.25,4.96,30,1.65,1.61,2.4,2.26,20,-1.0,2.12,2.05,1.85,1.78,1.55,4.46,5.89
225,B1,10/03/2019,Antwerp,Charleroi,1,2,A,1,1,D,9,6,3,3,15.0,15.0,4,7,0,3,0,1,1.85,3.8,3.8,1.83,3.8,4.1,1.8,3.5,4.05,1.83,3.97,4.15,1.8,3.75,4.0,1.85,3.5,4.3,32,1.91,1.84,3.97,3.66,4.35,4.06,30,2.11,2.01,1.86,1.79,18,-0.5,1.91,1.84,2.07,1.99,1.88,3.86,4.09
226,B1,10/03/2019,Cercle Brugge,Standard,1,2,A,0,2,A,5,6,2,2,18.0,13.0,5,4,2,1,0,0,4.2,3.8,1.75,4.2,3.9,1.8,4.0,3.8,1.77,3.95,4.24,1.81,3.9,4.0,1.78,4.1,3.8,1.8,33,4.25,4.0,4.25,3.92,1.84,1.79,30,1.7,1.66,2.25,2.18,18,0.5,2.1,2.04,1.88,1.8,3.86,4.39,1.83
227,B1,10/03/2019,Eupen,Club Brugge,0,4,A,0,3,A,3,13,2,10,13.0,17.0,2,3,0,0,0,0,5.0,4.33,1.57,5.0,4.4,1.6,4.9,4.15,1.57,5.26,4.42,1.59,5.25,4.2,1.55,5.25,4.3,1.57,33,5.5,5.1,4.45,4.25,1.63,1.58,30,1.6,1.55,2.55,2.41,20,1.0,1.93,1.86,2.05,1.96,5.98,4.74,1.51
228,B1,10/03/2019,Genk,Lokeren,1,0,H,0,0,D,12,7,4,1,11.0,12.0,9,0,0,3,0,0,1.14,8.0,15.0,1.15,8.75,15.5,1.15,7.9,14.5,1.14,8.38,16.73,1.12,8.0,19.0,1.13,8.0,20.0,32,1.17,1.14,8.75,8.2,20.0,15.99,31,1.35,1.29,3.72,3.46,19,-2.25,1.93,1.86,2.03,1.96,1.13,9.51,19.49
229,B1,10/03/2019,Gent,Oostende,2,1,H,1,1,D,19,6,6,2,16.0,6.0,8,3,1,0,0,0,1.36,4.5,9.0,1.4,4.75,8.0,1.37,4.9,6.8,1.39,4.93,7.69,1.36,4.8,7.5,1.36,5.0,7.5,33,1.42,1.38,5.25,4.9,9.0,7.38,30,1.5,1.45,2.85,2.68,20,-1.5,2.11,2.03,1.85,1.79,1.24,6.98,10.67
230,B1,10/03/2019,Mouscron,St Truiden,1,1,D,1,1,D,11,16,3,10,18.0,19.0,5,9,4,2,2,0,2.25,3.6,2.9,2.25,3.7,3.0,2.25,3.4,2.95,2.27,3.73,3.04,2.25,3.6,2.9,2.3,3.4,3.0,32,2.35,2.27,3.73,3.51,3.1,2.95,29,1.91,1.84,2.0,1.95,19,-0.25,2.05,1.98,1.91,1.84,2.19,3.76,3.23
231,B1,10/03/2019,Waasland-Beveren,Waregem,1,1,D,0,0,D,13,12,7,7,23.0,19.0,4,5,1,1,0,0,3.8,3.6,1.9,3.5,3.8,2.0,3.4,3.55,1.97,3.34,3.84,2.09,3.4,3.6,2.0,3.4,3.75,2.0,31,3.8,3.42,3.85,3.68,2.09,2.01,28,1.7,1.64,2.3,2.22,18,0.25,2.13,2.07,1.82,1.77,3.51,4.22,1.95
232,B1,17/03/2019,Charleroi,Eupen,1,2,A,1,1,D,6,7,3,3,21.0,18.0,5,3,3,1,0,0,1.57,4.0,5.5,1.7,4.0,4.75,1.65,3.75,4.85,1.66,3.96,5.27,1.62,3.8,5.25,1.65,3.9,5.2,34,1.7,1.66,4.0,3.85,5.5,4.97,31,1.86,1.82,2.05,1.98,23,-0.75,1.88,1.85,2.06,1.99,1.83,3.74,4.51
233,B1,17/03/2019,Club Brugge,Mouscron,1,2,A,0,1,A,11,8,6,6,21.0,20.0,5,5,1,1,0,0,1.3,5.25,10.0,1.3,5.5,10.0,1.32,5.1,7.8,1.32,5.38,9.42,1.3,5.0,9.5,1.3,5.4,9.0,34,1.36,1.32,5.6,5.22,10.0,8.78,31,1.55,1.48,2.8,2.58,21,-1.5,1.55,1.48,2.8,2.58,1.27,6.15,10.6
234,B1,17/03/2019,Kortrijk,Antwerp,2,0,H,0,0,D,6,11,3,4,22.0,14.0,3,8,2,2,0,0,3.6,3.4,2.05,3.6,3.4,2.1,3.35,3.35,2.1,3.47,3.51,2.15,3.3,3.4,2.1,3.4,3.4,2.1,32,3.6,3.37,3.51,3.38,2.2,2.12,31,2.05,1.99,1.86,1.81,17,0.25,2.05,1.99,1.86,1.81,2.76,3.42,2.66
235,B1,17/03/2019,Lokeren,Cercle Brugge,3,1,H,3,0,H,10,4,5,3,10.0,20.0,7,4,0,2,0,0,2.1,3.5,3.25,2.2,3.5,3.25,2.15,3.4,3.1,,,,2.15,3.5,3.1,2.15,3.5,3.2,34,2.25,2.18,3.75,3.51,3.25,3.11,31,1.86,1.8,2.04,1.99,19,-0.25,1.97,1.91,1.98,1.92,2.3,3.8,3.0
236,B1,17/03/2019,Oostende,Anderlecht,0,2,A,0,0,D,10,18,2,7,10.0,7.0,5,7,1,1,0,0,5.25,3.8,1.6,4.75,4.1,1.67,4.65,3.95,1.65,4.66,4.23,1.69,4.6,4.0,1.65,4.8,4.0,1.67,34,5.25,4.68,4.23,4.0,1.7,1.66,31,172.0,1.67,2.24,2.17,23,0.75,2.03,1.99,1.9,1.85,5.07,4.28,1.65
237,B1,17/03/2019,St Truiden,Gent,0,2,A,0,1,A,15,14,6,6,12.0,23.0,6,7,1,2,0,0,3.5,3.75,1.95,3.5,3.9,1.95,3.35,3.85,1.93,3.38,4.11,2.0,3.5,3.8,1.91,3.5,3.9,1.93,34,3.6,3.4,4.11,3.88,2.04,1.95,31,1.46,1.43,2.88,2.71,20,0.25,2.21,2.13,1.76,1.73,3.08,3.92,2.21
238,B1,17/03/2019,Standard,Waasland-Beveren,4,3,H,0,2,A,24,7,11,5,11.0,16.0,14,5,1,2,0,0,1.25,5.25,13.0,1.25,6.0,12.0,1.26,5.4,9.9,1.25,5.9,12.41,1.24,5.5,12.0,1.25,5.75,11.5,34,1.28,1.26,6.0,5.62,13.0,11.13,31,1.55,1.51,2.57,2.48,21,-1.75,2.06,2.0,1.88,1.83,1.24,6.26,12.55
239,B1,17/03/2019,Waregem,Genk,3,3,D,1,2,A,11,13,6,7,10.0,14.0,1,5,2,2,0,0,4.2,4.2,1.7,4.2,4.2,1.75,4.1,4.0,1.7,4.31,4.26,1.74,4.33,4.0,1.7,4.2,4.2,1.7,34,4.4,4.17,4.26,4.08,1.82,1.73,31,1.48,1.45,1.78,2.65,23,0.75,1.97,1.92,1.98,1.92,4.94,4.91,1.58
